Image_Name,Coating_White,Coating_Yellow,Texture_None,Texture_Geographic,Texture_Cracked,Texture_Dentate
10010.jpg,1,0,1,0,0,0
10013.jpg,0,1,0,0,1,0
10020.jpg,1,0,0,0,1,0
10025.jpg,1,0,1,0,0,0
10027.jpg,1,0,0,0,1,0
10028.jpg,1,0,1,0,0,0
10031.jpg,1,0,0,0,0,1
10034.jpg,1,0,1,0,0,0
10038.jpg,1,0,1,0,0,0
10044.jpg,1,0,0,0,1,0
10051.jpg,0,1,1,0,0,0
10076.jpg,1,0,0,0,0,1
10097.jpg,1,0,0,0,1,0
10109.jpg,0,1,0,0,1,0
10121.jpg,1,0,1,0,0,0
10125.jpg,0,1,1,0,0,0
10127.jpg,1,0,0,0,1,0
10128.jpg,1,0,0,0,1,0
10132.jpg,0,1,1,0,0,0
10137.jpg,1,0,0,0,1,1
10142.jpg,1,0,1,0,0,0
10158.jpg,0,1,0,0,0,1
10160.jpg,1,0,0,0,0,1
10164.jpg,1,0,0,0,1,0
10173.jpg,0,1,0,0,1,0
10185.jpg,1,0,0,0,1,0
10189.jpg,1,0,0,0,1,0
10202.jpg,1,0,1,0,0,0
10203.jpg,1,0,1,0,0,0
10205.jpg,0,1,1,0,0,0
10207.jpg,1,0,1,0,0,0
10214.jpg,1,0,0,0,1,0
10220.jpg,1,0,0,0,1,0
10221.jpg,1,0,0,0,1,0
10223.jpg,1,0,0,0,1,0
10235.jpg,1,0,1,0,0,0
10236.jpg,1,0,1,0,0,0
10243.jpg,1,0,0,0,1,1
10245.jpg,0,1,1,0,0,0
10246.jpg,0,1,1,0,0,0
10248.jpg,1,0,0,0,1,0
10251.jpg,0,1,0,0,1,1
10252.jpg,0,1,0,0,1,1
10254.jpg,1,0,0,0,1,0
10255.jpg,1,0,0,0,1,0
10257.jpg,1,0,0,0,1,0
10258.jpg,1,0,0,0,1,0
10263.jpg,1,0,0,0,1,0
10264.jpg,1,0,0,0,1,0
10267.jpg,1,0,1,0,0,0
10272.jpg,1,0,1,0,0,0
10278.jpg,0,1,1,0,0,0
10284.jpg,1,0,0,0,1,0
10289.jpg,0,1,0,0,1,0
10300.jpg,1,0,0,0,1,0
10302.jpg,1,0,0,0,1,0
10320.jpg,0,1,0,0,1,0
10326.jpg,0,1,0,0,1,0
10327.jpg,0,1,0,0,1,0
10333.jpg,0,1,0,0,1,1
10334.jpg,1,0,0,0,1,0
10359.jpg,0,1,0,0,1,0
10367.jpg,1,0,0,0,1,0
10375.jpg,1,0,0,0,1,0
10382.jpg,1,0,0,0,1,0
10385.jpg,1,0,0,0,0,1
10387.jpg,0,1,0,0,0,1
10393.jpg,0,1,0,0,1,0
10395.jpg,0,1,0,0,1,0
10399.jpg,1,0,0,0,0,1
10404.jpg,1,0,0,0,1,0
10414.jpg,0,1,0,0,1,0
10416.jpg,1,0,0,0,0,1
10420.jpg,1,0,0,0,1,0
10428.jpg,0,1,0,0,1,0
10437.jpg,1,0,1,0,0,0
10445.jpg,0,1,0,0,0,1
10448.jpg,0,1,0,0,1,0
10450.jpg,0,1,0,0,1,0
10452.jpg,0,1,1,0,0,0
10456.jpg,1,0,1,0,0,0
10458.jpg,0,1,0,0,1,0
10460.jpg,1,0,0,0,1,0
10465.jpg,0,1,0,0,1,0
10469.jpg,1,0,0,0,1,0
10477.jpg,0,1,0,0,1,0
10480.jpg,1,0,0,0,1,0
10482.jpg,1,0,0,0,1,0
10488.jpg,0,1,0,0,1,0
10493.jpg,1,0,0,0,0,1
10497.jpg,1,0,0,0,1,1
10499.jpg,1,0,1,0,0,0
10503.jpg,1,0,1,0,0,0
10508.jpg,1,0,1,0,0,0
10513.jpg,1,0,0,0,1,0
10515.jpg,0,1,0,0,1,0
10537.jpg,1,0,1,0,0,0
10546.jpg,1,0,0,0,1,0
10548.jpg,0,1,0,0,1,0
10551.jpg,1,0,0,0,1,0
10552.jpg,1,0,0,0,1,0
10565.jpg,1,0,0,0,1,0
10569.jpg,1,0,0,0,1,0
10577.jpg,1,0,1,0,0,0
10581.jpg,1,0,0,0,1,0
10582.jpg,1,0,0,0,1,0
10589.jpg,1,0,1,0,0,0
10598.jpg,1,0,0,0,1,0
10599.jpg,1,0,0,0,1,0
10601.jpg,1,0,0,0,1,0
10603.jpg,1,0,1,0,0,0
10607.jpg,1,0,1,0,0,0
10611.jpg,1,0,1,0,0,0
10613.jpg,1,0,1,0,0,0
10626.jpg,1,0,0,0,1,0
10627.jpg,1,0,0,0,1,0
10635.jpg,0,1,0,0,1,0
10638.jpg,1,0,0,0,1,0
10643.jpg,1,0,0,0,1,0
10644.jpg,1,0,0,0,1,0
10646.jpg,1,0,0,0,0,1
10647.jpg,1,0,0,0,0,1
10661.jpg,1,0,1,0,0,0
10670.jpg,1,0,1,0,0,0
10674.jpg,1,0,0,0,1,0
10675.jpg,1,0,0,0,1,0
10677.jpg,0,1,0,0,1,0
10679.jpg,0,1,0,0,1,0
10689.jpg,1,0,0,0,1,0
10690.jpg,1,0,0,0,1,0
10695.jpg,1,0,0,0,1,0
10696.jpg,1,0,0,0,1,0
10706.jpg,0,1,0,0,1,0
10707.jpg,0,1,0,0,1,0
10709.jpg,1,0,0,0,1,0
10713.jpg,1,0,0,0,0,1
10715.jpg,0,1,0,0,1,0
10718.jpg,0,1,0,0,1,0
10719.jpg,0,1,0,0,1,0
10724.jpg,0,1,0,0,1,0
10731.jpg,1,0,0,0,1,0
10743.jpg,1,0,1,0,0,0
10751.jpg,1,0,0,0,1,0
10752.jpg,1,0,0,0,1,0
10754.jpg,0,1,0,0,1,0
10755.jpg,1,0,0,0,1,1
10757.jpg,0,1,0,0,1,1
10760.jpg,0,0,0,0,1,0
10762.jpg,0,0,0,0,1,0
10763.jpg,0,0,0,0,1,0
A (1000).jpg,1,0,0,0,0,1
A (1001).jpg,1,0,1,0,0,0
A (1003).jpg,0,1,0,0,1,0
A (1005).jpg,1,0,1,0,0,0
A (1007).jpg,1,0,0,0,1,1
A (101).jpg,1,0,0,0,0,1
A (1011).jpg,0,1,1,0,0,0
A (1013).jpg,0,1,0,0,0,1
A (1014).jpg,1,0,0,0,0,1
A (1015).jpg,1,0,1,0,0,0
A (1016).jpg,1,0,1,0,0,0
A (1017).jpg,1,0,1,0,0,0
A (1019).jpg,0,1,0,0,1,0
A (1020).jpg,1,0,0,0,0,1
A (1021).jpg,0,1,0,0,1,0
A (1023).jpg,1,0,0,0,1,0
A (1024).jpg,1,0,0,0,0,1
A (1027).jpg,1,0,0,0,1,1
A (1028).jpg,1,0,1,0,0,0
A (1029).jpg,0,1,1,0,0,0
A (1030).jpg,1,0,0,0,0,1
A (1031).jpg,0,1,0,0,1,0
A (1033).jpg,1,0,1,0,0,0
A (1035).jpg,0,1,0,0,1,0
A (1036).jpg,1,0,1,0,0,0
A (1037).jpg,1,0,0,0,0,1
A (1038).jpg,1,0,1,0,0,0
A (1039).jpg,1,0,0,0,1,0
A (1041).jpg,0,1,0,0,1,0
A (1043).jpg,0,1,0,0,1,0
A (1045).jpg,0,1,0,0,1,0
A (1046).jpg,0,0,0,0,1,0
A (1047).jpg,1,0,1,0,0,0
A (1048).jpg,1,0,0,0,0,1
A (1049).jpg,0,1,0,0,0,1
A (1051).jpg,0,1,0,0,1,0
A (1058).jpg,1,0,0,0,1,0
A (1059).jpg,0,1,1,0,0,0
A (106).jpg,1,0,0,0,0,1
A (1061).jpg,0,1,1,0,0,0
A (1062).jpg,1,0,0,0,0,1
A (1063).jpg,0,1,1,0,0,0
A (1064).jpg,0,1,1,0,0,0
A (1065).jpg,0,1,1,0,0,0
A (1066).jpg,1,0,1,0,0,0
A (1069).jpg,1,0,1,0,0,0
A (1070).jpg,0,1,1,0,0,0
A (1071).jpg,1,0,1,0,0,0
A (1072).jpg,1,0,0,0,1,0
A (1076).jpg,1,0,1,0,0,0
A (1077).jpg,1,0,1,0,0,0
A (1078).jpg,1,0,1,0,0,0
A (1079).jpg,0,1,0,0,1,0
A (1083).jpg,1,0,1,0,0,0
A (1085).jpg,1,0,1,0,0,0
A (1086).jpg,1,0,1,0,0,0
A (1087).jpg,1,0,0,0,1,0
A (1088).jpg,1,0,1,0,0,0
A (1089).jpg,1,0,0,0,0,1
A (1091).jpg,1,0,1,0,0,0
A (1095).jpg,0,1,0,0,1,1
A (1097).jpg,0,1,0,0,0,1
A (1099).jpg,1,0,0,0,0,1
A (1100).jpg,1,0,0,0,0,1
A (1101).jpg,1,0,1,0,0,0
A (1102).jpg,1,0,1,0,0,0
A (1103).jpg,1,0,1,0,0,0
A (1104).jpg,1,0,1,0,0,0
A (1105).jpg,0,1,1,0,0,0
A (1108).jpg,1,0,0,1,0,1
A (1111).jpg,1,0,1,0,0,0
A (1112).jpg,0,1,1,0,0,0
A (1113).jpg,1,0,0,0,0,1
A (1114).jpg,1,0,1,0,0,0
A (1115).jpg,0,1,1,0,0,0
A (1116).jpg,1,0,0,0,1,0
A (1117).jpg,1,0,0,0,1,1
A (1118).jpg,0,1,1,0,0,0
A (1119).jpg,0,1,0,0,0,1
A (1120).jpg,1,0,0,0,1,1
A (1121).jpg,1,0,0,0,0,1
A (1123).jpg,1,0,0,0,1,0
A (1124).jpg,1,0,0,0,1,0
A (1125).jpg,1,0,1,0,0,0
A (1126).jpg,1,0,1,0,0,0
A (1127).jpg,1,0,0,0,1,1
A (1128).jpg,1,0,1,0,0,0
A (1130).jpg,1,0,0,0,1,0
A (1131).jpg,0,1,0,0,0,1
A (1132).jpg,1,0,0,0,1,0
A (1133).jpg,1,0,0,0,1,0
A (1134).jpg,1,0,1,0,0,0
A (1135).jpg,0,1,0,0,1,0
A (1137).jpg,1,0,0,0,1,0
A (1139).jpg,1,0,0,0,0,1
A (1140).jpg,1,0,1,0,0,0
A (1141).jpg,1,0,1,0,0,0
A (1142).jpg,1,0,1,0,0,0
A (1143).jpg,1,0,0,0,0,1
A (1144).jpg,1,0,0,0,0,1
A (1145).jpg,1,0,0,0,1,0
A (1146).jpg,1,0,0,0,1,0
A (1147).jpg,1,0,1,0,0,0
A (1148).jpg,1,0,0,0,1,1
A (1149).jpg,0,1,0,0,0,1
A (1151).jpg,1,0,1,0,0,0
A (1153).jpg,1,0,1,0,0,0
A (1154).jpg,1,0,1,0,0,0
A (1159).jpg,1,0,1,0,0,0
A (1161).jpg,1,0,1,0,0,0
A (1162).jpg,0,1,0,0,0,1
A (1163).jpg,0,1,0,0,0,1
A (1164).jpg,1,0,0,0,1,0
A (1165).jpg,1,0,0,0,0,1
A (1166).jpg,1,0,0,0,1,0
A (1167).jpg,1,0,0,0,1,0
A (117).jpg,1,0,1,0,0,0
A (1171).jpg,0,1,0,0,1,1
A (1172).jpg,0,1,1,0,0,0
A (1173).jpg,1,0,1,0,0,0
A (1174).jpg,1,0,0,0,1,0
A (1175).jpg,1,0,0,0,1,0
A (1176).jpg,0,1,0,0,1,1
A (1177).jpg,1,0,1,0,0,0
A (1178).jpg,1,0,0,0,1,0
A (1180).jpg,1,0,0,0,1,0
A (1181).jpg,1,0,1,0,0,0
A (1182).jpg,1,0,1,0,0,0
A (1184).jpg,1,0,0,0,0,1
A (1185).jpg,0,1,0,0,1,0
A (1186).jpg,1,0,1,0,0,0
A (1188).jpg,1,0,1,0,0,0
A (1189).jpg,1,0,0,0,1,0
A (1190).jpg,1,0,1,0,0,0
A (1191).jpg,0,1,1,0,0,0
A (1192).jpg,0,1,1,0,0,0
A (1193).jpg,0,1,1,0,0,0
A (1194).jpg,1,0,0,0,0,1
A (1195).jpg,1,0,0,0,0,1
A (1196).jpg,1,0,0,0,0,1
A (1197).jpg,1,0,0,0,0,1
A (1198).jpg,1,0,1,0,0,0
A (1201).jpg,0,1,1,0,0,0
A (1202).jpg,1,0,0,0,0,1
A (1203).jpg,1,0,0,0,1,0
A (1204).jpg,1,0,0,0,0,1
A (1205).jpg,1,0,0,0,0,1
A (1209).jpg,0,1,0,0,0,1
A (1210).jpg,0,1,0,0,1,1
A (1211).jpg,1,0,0,0,0,1
A (1213).jpg,1,0,0,0,0,1
A (1215).jpg,1,0,0,0,1,1
A (1220).jpg,1,0,0,0,1,0
A (1221).jpg,1,0,0,0,0,1
A (1222).jpg,0,1,1,0,0,0
A (1223).jpg,1,0,0,0,1,0
A (1224).jpg,1,0,0,0,0,1
A (1225).jpg,1,0,1,0,0,0
A (1226).jpg,1,0,0,0,1,1
A (1227).jpg,0,1,0,0,0,1
A (1228).jpg,1,0,1,0,0,0
A (1229).jpg,1,0,1,0,0,0
A (1230).jpg,1,0,0,0,1,0
A (1231).jpg,1,0,1,0,0,0
A (1234).jpg,0,1,1,0,0,0
A (1235).jpg,1,0,0,0,0,1
A (1236).jpg,1,0,0,0,1,1
A (1237).jpg,1,0,0,0,0,1
A (1239).jpg,0,1,1,0,0,0
A (1241).jpg,1,0,1,0,0,0
A (1242).jpg,0,1,0,0,0,1
A (1244).jpg,1,0,0,0,1,0
A (1245).jpg,1,0,0,0,0,1
A (1246).jpg,1,0,1,0,0,0
A (1248).jpg,1,0,1,0,0,0
A (1250).jpg,1,0,1,0,0,0
A (1251).jpg,1,0,0,0,1,0
A (1253).jpg,0,1,0,0,0,1
A (1254).jpg,1,0,0,0,1,0
A (1255).jpg,1,0,0,0,0,1
A (1257).jpg,1,0,1,0,0,0
A (1258).jpg,1,0,1,0,0,0
A (1259).jpg,1,0,0,0,0,1
A (1260).jpg,1,0,0,0,1,0
A (1261).jpg,0,1,0,0,1,0
A (1266).jpg,1,0,0,0,0,1
A (1267).jpg,1,0,0,0,0,1
A (1268).jpg,1,0,0,0,0,1
A (1269).jpg,1,0,1,0,0,0
A (127).jpg,1,0,1,0,0,0
A (1270).jpg,1,0,1,0,0,0
A (1272).jpg,1,0,1,0,0,0
A (1273).jpg,1,0,0,0,0,1
A (1274).jpg,1,0,1,0,0,0
A (1275).jpg,0,1,1,0,0,0
A (1276).jpg,1,0,1,0,0,0
A (1278).jpg,1,0,0,0,1,0
A (1279).jpg,1,0,1,0,0,0
A (1280).jpg,1,0,0,0,1,0
A (1283).jpg,1,0,0,0,1,1
A (1284).jpg,0,1,0,0,1,1
A (1285).jpg,1,0,0,0,0,1
A (1286).jpg,1,0,1,0,0,0
A (1287).jpg,1,0,0,0,1,1
A (1288).jpg,1,0,0,0,0,1
A (1290).jpg,1,0,0,0,0,1
A (1292).jpg,1,0,1,0,0,0
A (1295).jpg,1,0,1,0,0,0
A (1296).jpg,1,0,0,0,1,0
A (1297).jpg,1,0,1,0,0,0
A (1298).jpg,1,0,1,0,0,0
A (1299).jpg,0,1,0,0,0,1
A (1300).jpg,0,1,0,0,1,1
A (1301).jpg,1,0,1,0,0,0
A (1302).jpg,0,1,0,0,1,0
A (1303).jpg,0,1,0,0,1,0
A (1304).jpg,0,1,0,0,1,0
A (1305).jpg,0,1,0,0,0,1
A (1306).jpg,1,0,0,0,0,1
A (1307).jpg,0,1,0,0,0,1
A (1308).jpg,1,0,1,0,0,0
A (1309).jpg,1,0,0,0,0,1
A (1310).jpg,1,0,0,0,0,1
A (1311).jpg,1,0,1,0,0,0
A (1312).jpg,1,0,0,0,0,1
A (1313).jpg,0,1,1,0,0,0
A (1314).jpg,0,1,0,0,0,1
A (1315).jpg,1,0,0,0,1,0
A (1316).jpg,1,0,1,0,0,0
A (1317).jpg,1,0,1,0,0,0
A (1318).jpg,1,0,0,0,0,1
A (1320).jpg,1,0,1,0,0,0
A (1321).jpg,1,0,1,0,0,0
A (1322).jpg,0,1,0,0,1,0
A (1323).jpg,1,0,0,0,0,1
A (1324).jpg,1,0,0,0,0,1
A (1325).jpg,1,0,1,0,0,0
A (1326).jpg,1,0,1,0,0,0
A (1327).jpg,1,0,1,0,0,0
A (1328).jpg,0,1,1,0,0,0
A (1329).jpg,1,0,1,0,0,0
A (1331).jpg,1,0,1,0,0,0
A (1332).jpg,1,0,1,0,0,0
A (1333).jpg,1,0,0,0,0,1
A (1334).jpg,0,1,1,0,0,0
A (1338).jpg,1,0,1,0,0,0
A (1340).jpg,1,0,0,0,0,1
A (1341).jpg,1,0,1,0,0,0
A (1343).jpg,1,0,0,0,0,1
A (1344).jpg,1,0,0,0,0,1
A (1345).jpg,0,1,0,0,1,0
A (1346).jpg,1,0,0,0,1,0
A (1347).jpg,1,0,0,0,1,0
A (1348).jpg,1,0,0,0,1,0
A (1349).jpg,1,0,0,0,1,0
A (1351).jpg,1,0,0,0,1,0
A (1352).jpg,1,0,0,0,1,0
A (1353).jpg,1,0,0,0,1,0
A (1354).jpg,1,0,0,0,1,0
A (1356).jpg,1,0,0,0,1,0
A (1358).jpg,1,0,0,0,1,0
A (1359).jpg,1,0,0,0,1,0
A (1361).jpg,1,0,0,0,1,0
A (1362).jpg,1,0,0,0,1,0
A (1363).jpg,1,0,0,0,1,0
A (1364).jpg,1,0,0,0,1,0
A (1365).jpg,1,0,0,0,1,0
A (1366).jpg,1,0,0,0,1,0
A (1367).jpg,1,0,0,0,1,0
A (1369).jpg,1,0,0,0,1,0
A (1370).jpg,1,0,0,0,1,0
A (1373).jpg,1,0,0,0,1,0
A (1374).jpg,1,0,0,0,1,1
A (1375).jpg,1,0,0,0,1,0
A (1377).jpg,1,0,0,1,1,0
A (1378).jpg,1,0,0,0,1,0
A (1379).jpg,1,0,0,0,1,0
A (1380).jpg,1,0,0,0,1,0
A (1382).jpg,1,0,0,0,1,0
A (1383).jpg,1,0,0,0,1,0
A (1385).jpg,0,1,0,0,1,0
A (1386).jpg,1,0,0,0,1,0
A (1387).jpg,1,0,0,0,1,0
A (1388).jpg,1,0,0,0,1,0
A (1389).jpg,0,1,0,0,1,0
A (1390).jpg,1,0,0,0,1,0
A (1391).jpg,1,0,0,0,0,1
A (1393).jpg,1,0,0,0,0,1
A (1394).jpg,0,1,0,0,0,1
A (1395).jpg,1,0,0,0,0,1
A (1396).jpg,1,0,0,0,0,1
A (1397).jpg,1,0,0,0,0,1
A (1398).jpg,1,0,0,0,1,1
A (1399).jpg,1,0,0,0,1,1
A (1401).jpg,0,1,0,0,1,1
A (1402).jpg,1,0,0,0,1,1
A (1403).jpg,0,1,0,0,1,1
A (1405).jpg,1,0,0,0,0,1
A (1406).jpg,1,0,0,0,0,1
A (1407).jpg,1,0,0,0,0,1
A (1408).jpg,1,0,0,0,0,1
A (1412).jpg,0,1,0,0,0,1
A (1413).jpg,1,0,0,0,0,1
A (1415).jpg,1,0,1,0,0,0
A (1417).jpg,0,1,1,0,0,0
A (1418).jpg,0,1,0,0,0,1
A (1419).jpg,0,1,0,0,0,1
A (142).jpg,1,0,1,0,0,0
A (1421).jpg,0,1,0,0,0,1
A (1422).jpg,1,0,0,0,1,0
A (1424).jpg,1,0,0,0,1,0
A (1425).jpg,1,0,0,0,1,0
A (1426).jpg,1,0,0,0,1,0
A (1429).jpg,1,0,0,0,1,0
A (1432).jpg,1,0,0,0,1,0
A (1434).jpg,1,0,0,0,1,0
A (1436).jpg,1,0,0,0,1,0
A (1437).jpg,1,0,0,0,1,0
A (1439).jpg,1,0,0,0,1,0
A (1441).jpg,1,0,0,0,1,0
A (1442).jpg,1,0,1,0,0,0
A (1444).jpg,1,0,1,0,0,0
A (1446).jpg,0,1,1,0,0,0
A (1447).jpg,1,0,1,0,0,0
A (1449).jpg,1,0,1,0,0,0
A (1451).jpg,1,0,1,0,0,0
A (1452).jpg,0,1,0,0,1,0
A (1455).jpg,1,0,1,0,0,0
A (1458).jpg,1,0,1,0,0,0
A (1459).jpg,1,0,0,0,1,0
A (1460).jpg,1,0,1,0,0,0
A (1462).jpg,1,0,1,0,0,0
A (1464).jpg,1,0,0,1,0,0
A (1466).jpg,0,1,0,0,1,0
A (1467).jpg,0,1,0,0,1,0
A (1468).jpg,0,1,1,0,0,0
A (147).jpg,0,1,0,0,1,1
A (1475).jpg,1,0,1,0,0,0
A (1476).jpg,1,0,0,0,0,1
A (1478).jpg,1,0,1,0,0,0
A (1479).jpg,1,0,1,0,0,0
A (1481).jpg,1,0,1,0,0,0
A (1482).jpg,0,1,1,0,0,0
A (1483).jpg,1,0,1,0,0,0
A (1485).jpg,0,1,0,0,1,1
A (1486).jpg,1,0,1,0,0,0
A (1487).jpg,1,0,1,0,0,0
A (1488).jpg,1,0,1,0,0,0
A (1489).jpg,0,1,1,0,0,0
A (149).jpg,1,0,1,0,0,0
A (1490).jpg,1,0,1,0,0,0
A (1491).jpg,1,0,0,0,0,1
A (1492).jpg,1,0,1,0,0,0
A (1493).jpg,1,0,1,0,0,0
A (1494).jpg,1,0,1,0,0,0
A (1495).jpg,0,1,1,0,0,0
A (1496).jpg,1,0,0,0,0,1
A (1497).jpg,1,0,0,0,0,1
A (1498).jpg,1,0,1,0,0,0
A (1499).jpg,1,0,1,0,0,0
A (1501).jpg,1,0,0,0,1,0
A (1504).jpg,1,0,1,0,0,0
A (1505).jpg,1,0,1,0,0,0
A (1507).jpg,1,0,0,0,0,1
A (1508).jpg,1,0,0,0,0,1
A (1510).jpg,1,0,0,0,0,1
A (1512).jpg,1,0,0,0,0,1
A (1513).jpg,1,0,0,0,0,1
A (1514).jpg,1,0,0,0,0,1
A (1515).jpg,0,1,0,0,1,1
A (1516).jpg,1,0,0,0,0,1
A (1517).jpg,0,1,0,0,1,1
A (1518).jpg,1,0,0,0,1,1
A (1519).jpg,1,0,0,0,0,1
A (1520).jpg,1,0,0,0,0,1
A (1522).jpg,1,0,0,0,1,1
A (1523).jpg,1,0,0,0,1,1
A (1524).jpg,1,0,0,0,0,1
A (1525).jpg,1,0,0,0,0,1
A (1526).jpg,0,1,0,0,0,1
A (1527).jpg,1,0,0,0,0,1
A (1528).jpg,1,0,0,0,0,1
A (1529).jpg,0,1,0,0,0,1
A (153).jpg,1,0,0,0,0,1
A (1530).jpg,1,0,0,0,0,1
A (1531).jpg,1,0,0,0,0,1
A (1532).jpg,1,0,1,0,0,0
A (1533).jpg,1,0,0,0,0,1
A (1534).jpg,1,0,0,0,0,1
A (1536).jpg,1,0,0,0,0,1
A (1537).jpg,1,0,0,0,1,1
A (1540).jpg,1,0,0,0,1,1
A (1541).jpg,0,1,1,0,0,0
A (1542).jpg,1,0,1,0,0,0
A (1543).jpg,1,0,1,0,0,0
A (1544).jpg,0,1,0,0,1,0
A (1549).jpg,1,0,0,0,1,0
A (1551).jpg,0,1,0,0,1,0
A (1552).jpg,1,0,0,0,1,0
A (1554).jpg,0,1,0,0,1,0
A (1555).jpg,1,0,1,0,0,0
A (1557).jpg,1,0,0,0,1,0
A (1558).jpg,0,1,1,0,0,0
A (1559).jpg,0,1,0,0,1,0
A (156).jpg,1,0,1,0,0,0
A (1562).jpg,1,0,1,0,0,0
A (1566).jpg,1,0,0,0,0,1
A (157).jpg,1,0,1,0,0,0
A (158).jpg,1,0,0,0,0,1
A (160).jpg,1,0,0,0,0,1
A (161).jpg,1,0,1,0,0,0
A (169).jpg,1,0,1,0,0,0
A (172).jpg,1,0,1,0,0,0
A (176).jpg,1,0,0,0,1,0
A (178).jpg,1,0,0,0,1,0
A (180).jpg,1,0,0,0,0,1
A (185).jpg,0,1,1,0,0,0
A (186).jpg,1,0,1,0,0,0
A (190).jpg,1,0,0,0,1,0
A (192).jpg,1,0,0,0,0,1
A (193).jpg,0,1,0,0,0,1
A (194).jpg,1,0,1,0,0,0
A (198).jpg,1,0,1,0,0,0
A (201).jpg,0,1,0,0,1,0
A (204).jpg,1,0,0,0,1,1
A (206).jpg,1,0,0,0,0,1
A (207).jpg,1,0,1,0,0,0
A (209).jpg,1,0,0,0,0,1
A (213).jpg,1,0,1,0,0,0
A (215).jpg,1,0,0,0,0,1
A (219).jpg,1,0,0,0,1,0
A (220).jpg,1,0,1,0,0,0
A (227).jpg,1,0,0,0,1,0
A (228).jpg,1,0,0,0,0,1
A (234).jpg,1,0,1,0,0,0
A (239).jpg,1,0,1,0,0,0
A (244).jpg,1,0,0,0,1,0
A (249).jpg,1,0,1,0,0,0
A (252).jpg,1,0,0,0,0,1
A (256).jpg,1,0,1,0,0,0
A (259).jpg,1,0,1,0,0,0
A (260).jpg,1,0,0,0,1,0
A (266).jpg,1,0,0,0,1,0
A (269).jpg,1,0,0,0,1,0
A (272).jpg,1,0,1,0,0,0
A (274).jpg,1,0,1,0,0,0
A (283).jpg,1,0,1,0,0,0
A (292).jpg,1,0,1,0,0,0
A (297).jpg,1,0,0,0,1,0
A (302).jpg,1,0,0,0,1,1
A (305).jpg,1,0,0,0,1,0
A (309).jpg,1,0,0,0,1,0
A (311).jpg,1,0,0,0,1,0
A (313).jpg,1,0,1,0,0,0
A (316).jpg,1,0,0,0,0,1
A (318).jpg,1,0,0,0,0,1
A (320).jpg,1,0,1,0,0,0
A (322).jpg,0,1,0,0,1,1
A (358).jpg,1,0,1,0,0,0
A (360).jpg,1,0,0,0,0,1
A (361).jpg,1,0,0,0,1,1
A (363).jpg,1,0,0,0,0,1
A (367).jpg,1,0,0,0,0,1
A (369).jpg,1,0,0,0,1,0
A (373).jpg,1,0,1,0,0,0
A (375).jpg,1,0,1,0,0,0
A (378).jpg,1,0,0,0,0,1
A (379).jpg,1,0,1,0,0,0
A (381).jpg,1,0,1,0,0,0
A (385).jpg,0,1,1,0,0,0
A (386).jpg,1,0,0,0,1,0
A (387).jpg,1,0,0,0,0,1
A (395).jpg,0,1,0,0,1,1
A (396).jpg,1,0,1,0,0,0
A (398).jpg,1,0,0,0,1,1
A (400).jpg,1,0,0,0,1,1
A (402).jpg,1,0,1,0,0,0
A (403).jpg,1,0,0,0,1,0
A (404).jpg,1,0,1,0,0,0
A (412).jpg,1,0,0,0,1,0
A (414).jpg,1,0,1,0,0,0
A (420).jpg,1,0,0,0,1,0
A (421).jpg,1,0,0,0,0,1
A (423).jpg,0,1,0,0,1,0
A (426).jpg,1,0,1,0,0,0
A (427).jpg,1,0,0,0,1,0
A (432).jpg,1,0,0,0,1,0
A (433).jpg,1,0,0,0,1,0
A (435).jpg,1,0,0,0,1,0
A (436).jpg,1,0,1,0,0,0
A (437).jpg,0,1,1,0,0,0
A (441).jpg,1,0,0,0,0,1
A (447).jpg,0,1,0,0,1,0
A (451).jpg,1,0,0,0,1,0
A (454).jpg,1,0,0,0,1,0
A (456).jpg,1,0,0,0,1,0
A (457).jpg,1,0,0,0,0,1
A (459).jpg,1,0,0,0,1,0
A (460).jpg,1,0,1,0,0,0
A (461).jpg,1,0,1,0,0,0
A (462).jpg,1,0,1,0,0,0
A (463).jpg,1,0,0,0,1,0
A (465).jpg,1,0,1,0,0,0
A (466).jpg,1,0,1,0,0,0
A (468).jpg,1,0,0,0,0,1
A (470).jpg,1,0,0,0,0,1
A (471).jpg,1,0,1,0,0,0
A (472).jpg,1,0,1,0,0,0
A (474).jpg,1,0,1,0,0,0
A (477).jpg,1,0,0,0,1,0
A (478).jpg,1,0,1,0,0,0
A (480).jpg,0,1,0,0,0,1
A (481).jpg,1,0,0,0,1,0
A (482).jpg,1,0,1,0,0,0
A (483).jpg,1,0,0,0,1,0
A (484).jpg,0,1,1,0,0,0
A (488).jpg,1,0,0,0,1,0
A (489).jpg,1,0,1,0,0,0
A (490).jpg,0,1,0,0,0,1
A (493).jpg,1,0,0,0,0,1
A (499).jpg,0,1,0,0,0,1
A (500).jpg,1,0,1,0,0,0
A (508).jpg,1,0,0,0,0,1
A (509).jpg,1,0,1,0,0,0
A (511).jpg,0,1,0,0,0,1
A (513).jpg,1,0,0,0,1,0
A (514).jpg,0,1,0,0,1,0
A (518).jpg,1,0,0,0,1,0
A (520).jpg,1,0,0,0,0,1
A (521).jpg,1,0,0,0,0,1
A (523).jpg,0,1,0,0,1,0
A (527).jpg,1,0,0,0,0,1
A (530).jpg,1,0,1,0,0,0
A (532).jpg,1,0,0,0,1,0
A (535).jpg,0,1,1,0,0,0
A (538).jpg,1,0,1,0,0,0
A (540).jpg,1,0,0,0,1,1
A (544).jpg,1,0,1,0,0,0
A (552).jpg,1,0,1,0,0,0
A (555).jpg,1,0,1,0,0,0
A (560).jpg,0,1,0,0,1,0
A (562).jpg,1,0,1,0,0,0
A (563).jpg,1,0,0,0,0,1
A (565).jpg,1,0,1,0,0,0
A (568).jpg,0,1,0,0,1,0
A (571).jpg,1,0,0,0,1,0
A (573).jpg,0,1,1,0,0,0
A (574).jpg,1,0,1,0,0,0
A (577).jpg,1,0,0,0,0,1
A (580).jpg,1,0,0,0,1,1
A (582).jpg,1,0,0,0,1,0
A (586).jpg,1,0,1,0,0,0
A (589).jpg,1,0,0,0,0,1
A (591).jpg,1,0,1,0,0,0
A (593).jpg,1,0,1,0,0,0
A (595).jpg,1,0,1,0,0,0
A (598).jpg,1,0,1,0,0,0
A (600).jpg,0,1,1,0,0,0
A (602).jpg,0,1,0,0,1,0
A (603).jpg,1,0,1,0,0,0
A (609).jpg,1,0,1,0,0,0
A (613).jpg,1,0,1,0,0,0
A (614).jpg,1,0,1,0,0,0
A (615).jpg,1,0,0,0,1,0
A (616).jpg,1,0,0,0,1,0
A (633).jpg,1,0,0,0,0,1
A (638).jpg,1,0,1,0,0,0
A (640).jpg,0,0,0,0,0,1
A (642).jpg,1,0,0,0,1,1
A (644).jpg,1,0,0,0,0,1
A (648).jpg,1,0,1,0,0,0
A (653).jpg,1,0,0,0,1,0
A (654).jpg,1,0,0,0,1,0
A (655).jpg,0,1,1,0,0,0
A (656).jpg,1,0,1,0,0,0
A (657).jpg,1,0,1,0,0,0
A (667).jpg,1,0,1,0,0,0
A (670).jpg,1,0,0,0,1,0
A (673).jpg,1,0,1,0,0,0
A (674).jpg,1,0,0,0,0,1
A (676).jpg,0,1,1,0,0,0
A (679).jpg,1,0,1,0,0,0
A (691).jpg,1,0,0,0,0,1
A (693).jpg,1,0,0,0,1,0
A (696).jpg,1,0,0,0,0,1
A (698).jpg,1,0,0,0,1,1
A (701).jpg,0,1,1,0,0,0
A (703).jpg,1,0,0,1,1,0
A (705).jpg,1,0,0,0,1,0
A (707).jpg,1,0,0,1,0,0
A (710).jpg,1,0,1,0,0,0
A (713).jpg,1,0,0,0,1,0
A (714).jpg,1,0,0,0,0,1
A (716).jpg,1,0,0,0,1,0
A (718).jpg,1,0,1,0,0,0
A (719).jpg,1,0,0,0,1,1
A (720).jpg,1,0,1,0,0,0
A (724).jpg,1,0,1,0,0,0
A (726).jpg,1,0,1,0,0,0
A (728).jpg,1,0,1,0,0,0
A (730).jpg,0,1,1,0,0,0
A (731).jpg,1,0,1,0,0,0
A (733).jpg,0,1,0,0,1,0
A (734).jpg,0,1,1,0,0,0
A (736).jpg,1,0,0,0,1,1
A (738).jpg,1,0,0,0,0,1
A (739).jpg,0,1,0,1,0,1
A (740).jpg,1,0,1,0,0,0
A (742).jpg,0,1,0,0,1,1
A (743).jpg,1,0,0,0,1,1
A (746).jpg,1,0,1,0,0,0
A (748).jpg,0,1,0,0,1,1
A (751).jpg,1,0,0,0,1,0
A (754).jpg,1,0,1,0,0,0
A (756).jpg,1,0,1,0,0,0
A (762).jpg,1,0,1,0,0,0
A (763).jpg,1,0,1,0,0,0
A (774).jpg,0,1,1,0,0,0
A (775).jpg,1,0,1,0,0,0
A (776).jpg,1,0,1,0,0,0
A (777).jpg,1,0,1,0,0,0
A (780).jpg,1,0,0,0,1,0
A (786).jpg,0,1,0,0,1,0
A (788).jpg,0,1,0,1,1,0
A (792).jpg,0,1,0,0,1,0
A (794).jpg,0,1,0,0,1,0
A (798).jpg,0,1,0,0,0,1
A (801).jpg,0,1,0,0,1,0
A (803).jpg,1,0,1,0,0,0
A (806).jpg,1,0,1,0,0,0
A (807).jpg,1,0,1,0,0,0
A (810).jpg,0,1,0,0,1,0
A (812).jpg,1,0,0,0,1,0
A (814).jpg,0,1,0,0,1,0
A (815).jpg,1,0,0,0,0,1
A (816).jpg,1,0,0,0,1,0
A (818).jpg,1,0,1,0,0,0
A (819).jpg,1,0,0,0,0,1
A (820).jpg,0,1,0,0,1,0
A (822).jpg,0,1,0,0,1,0
A (823).jpg,1,0,1,0,0,0
A (824).jpg,1,0,0,0,0,1
A (828).jpg,0,1,0,1,1,0
A (829).jpg,1,0,1,0,0,0
A (832).jpg,1,0,0,0,0,1
A (836).jpg,1,0,1,0,0,0
A (837).jpg,1,0,0,0,1,0
A (842).jpg,0,1,0,1,1,0
A (845).jpg,1,0,0,0,0,1
A (846).jpg,1,0,1,0,0,0
A (848).jpg,1,0,0,0,0,1
A (849).jpg,1,0,0,0,1,0
A (852).jpg,1,0,1,0,0,0
A (854).jpg,0,1,0,0,1,0
A (855).jpg,1,0,1,0,0,0
A (856).jpg,1,0,0,0,1,0
A (857).jpg,1,0,0,0,1,0
A (860).jpg,1,0,0,0,1,0
A (861).jpg,1,0,0,0,0,1
A (863).jpg,1,0,0,1,0,1
A (864).jpg,1,0,0,0,0,1
A (865).jpg,1,0,0,0,0,1
A (867).jpg,1,0,0,0,1,1
A (868).jpg,0,1,0,0,1,1
A (871).jpg,1,0,0,0,1,1
A (872).jpg,0,1,0,0,0,1
A (873).jpg,1,0,1,0,0,0
A (874).jpg,0,1,0,0,1,0
A (876).jpg,1,0,0,0,1,0
A (879).jpg,1,0,1,0,0,0
A (880).jpg,0,1,0,0,1,0
A (882).jpg,0,1,1,0,0,0
A (887).jpg,1,0,0,1,0,0
A (890).jpg,1,0,1,0,0,0
A (891).jpg,1,0,1,0,0,0
A (894).jpg,1,0,1,0,0,0
A (895).jpg,1,0,1,0,0,0
A (898).jpg,1,0,1,0,0,0
A (899).jpg,1,0,1,0,0,0
A (900).jpg,0,1,0,0,1,0
A (902).jpg,1,0,1,0,0,0
A (906).jpg,1,0,0,0,0,1
A (910).jpg,1,0,1,0,0,0
A (912).jpg,1,0,1,0,0,0
A (914).jpg,0,1,0,0,1,1
A (916).jpg,0,1,0,0,1,1
A (917).jpg,0,1,0,0,0,1
A (918).jpg,0,1,0,0,1,1
A (919).jpg,1,0,0,0,0,1
A (920).jpg,1,0,0,0,1,0
A (921).jpg,0,1,0,0,1,1
A (922).jpg,1,0,0,0,0,1
A (927).jpg,1,0,0,0,1,1
A (928).jpg,0,1,1,0,0,0
A (929).jpg,1,0,1,0,0,0
A (930).jpg,0,1,0,0,1,0
A (931).jpg,1,0,0,0,0,1
A (932).jpg,1,0,0,0,0,1
A (934).jpg,0,1,0,0,0,1
A (936).jpg,1,0,0,0,1,1
A (937).jpg,1,0,0,0,1,1
A (938).jpg,0,1,0,0,1,0
A (939).jpg,1,0,1,0,0,0
A (940).jpg,1,0,1,0,0,0
A (942).jpg,0,1,0,0,1,1
A (943).jpg,0,1,1,0,0,0
A (944).jpg,1,0,1,0,0,0
A (945).jpg,1,0,0,0,0,1
A (946).jpg,0,1,0,0,1,0
A (947).jpg,1,0,0,0,0,1
A (952).jpg,1,0,0,0,0,1
A (956).jpg,1,0,1,0,0,0
A (958).jpg,0,1,1,0,0,0
A (959).jpg,1,0,1,0,0,0
A (960).jpg,1,0,0,0,1,0
A (962).jpg,1,0,0,0,1,0
A (964).jpg,1,0,0,0,1,0
A (965).jpg,1,0,1,0,0,0
A (966).jpg,1,0,0,0,1,0
A (968).jpg,0,1,1,0,0,0
A (970).jpg,1,0,0,0,1,0
A (972).jpg,1,0,0,0,1,0
A (974).jpg,0,1,1,0,0,0
A (976).jpg,1,0,1,0,0,0
A (977).jpg,1,0,1,0,0,0
A (978).jpg,1,0,1,0,0,0
A (979).jpg,1,0,0,0,1,0
A (980).jpg,1,0,0,0,1,0
A (982).jpg,0,1,0,0,1,0
A (984).jpg,0,1,1,0,0,0
A (986).jpg,1,0,1,0,0,0
A (988).jpg,0,1,0,0,0,1
A (989).jpg,1,0,0,0,1,0
A (990).jpg,1,0,0,0,0,1
A (991).jpg,0,1,1,0,0,0
A (992).jpg,1,0,0,0,1,0
A (993).jpg,1,0,1,0,0,0
A (997).jpg,1,0,0,0,0,1
A (999).jpg,0,1,0,0,1,1
AA (100).jpg,1,0,0,0,0,1
AA (102).jpg,1,0,0,0,0,1
AA (11).jpg,1,0,0,0,1,0
AA (110).jpg,1,0,0,0,1,1
AA (118).jpg,0,1,1,0,0,0
AA (119).jpg,0,1,1,0,0,0
AA (121).jpg,1,0,0,0,1,0
AA (122).jpg,0,1,0,0,1,0
AA (123).jpg,1,0,1,0,0,0
AA (124).jpg,1,0,0,0,0,1
AA (16).jpg,1,0,1,0,0,0
AA (19).jpg,1,0,0,0,0,1
AA (2).jpg,1,0,1,0,0,0
AA (20).jpg,1,0,0,0,1,0
AA (21).jpg,0,1,0,0,1,0
AA (22).jpg,1,0,0,0,0,1
AA (28).jpg,0,1,0,0,0,1
AA (32).jpg,1,0,0,0,0,1
AA (33).jpg,1,0,0,0,0,1
AA (35).jpg,0,1,0,0,0,1
AA (36).jpg,1,0,0,0,0,1
AA (37).jpg,0,1,0,0,0,1
AA (39).jpg,1,0,1,0,0,0
AA (4).jpg,1,0,0,0,0,1
AA (44).jpg,1,0,0,0,1,0
AA (46).jpg,0,1,0,0,1,1
AA (49).jpg,1,0,0,0,0,1
AA (53).jpg,0,1,0,0,1,1
AA (54).jpg,1,0,0,0,0,1
AA (58).jpg,1,0,0,0,1,0
AA (61).jpg,1,0,0,0,0,1
AA (62).jpg,1,0,1,0,0,0
AA (63).jpg,1,0,0,0,0,1
AA (64).jpg,1,0,0,0,1,0
AA (67).jpg,0,1,0,0,1,0
AA (71).jpg,0,1,0,0,0,1
AA (72).jpg,1,0,0,0,1,1
AA (73).jpg,1,0,1,0,0,0
AA (75).jpg,1,0,1,0,0,0
AA (76).jpg,1,0,1,0,0,0
AA (78).jpg,1,0,0,0,1,0
AA (80).jpg,1,0,0,0,1,0
AA (81).jpg,1,0,1,0,0,0
AA (82).jpg,1,0,0,0,0,1
AA (90).jpg,1,0,0,0,0,1
AA (91).jpg,1,0,0,0,1,0
AA (94).jpg,1,0,1,0,0,0
AA (95).jpg,1,0,0,0,1,1
AA (97).jpg,1,0,1,0,0,0
AA (98).jpg,1,0,0,0,1,1
AAA.jpg,1,0,0,0,1,0
B (1).jpg,1,0,1,0,0,0
B (10).jpg,1,0,1,0,0,0
B (101).jpg,1,0,1,0,0,0
B (102).jpg,0,1,0,0,1,1
B (104).jpg,0,1,0,0,0,1
B (106).jpg,1,0,0,0,1,1
B (107).jpg,0,1,0,0,0,1
B (108).jpg,1,0,1,0,0,0
B (109).jpg,1,0,0,0,0,1
B (11).jpg,0,1,1,0,0,0
B (111).jpg,0,1,0,0,0,1
B (112).jpg,0,1,0,0,0,1
B (114).jpg,0,1,0,0,0,1
B (115).jpg,0,1,0,0,1,0
B (117).jpg,1,0,0,0,0,1
B (118).jpg,0,1,0,0,0,1
B (120).jpg,1,0,0,0,1,1
B (121).jpg,0,1,0,0,0,1
B (122).jpg,0,1,1,0,0,0
B (123).jpg,0,1,0,0,0,1
B (127).jpg,1,0,1,0,0,0
B (129).jpg,1,0,0,0,1,1
B (133).jpg,0,1,0,0,0,1
B (137).jpg,1,0,0,0,1,1
B (140).jpg,1,0,0,0,1,1
B (141).jpg,1,0,0,0,0,1
B (142).jpg,0,1,0,0,0,1
B (148).jpg,1,0,0,0,0,1
B (155).jpg,1,0,0,0,1,0
B (166).jpg,1,0,0,0,1,1
B (171).jpg,1,0,1,0,0,0
B (172).jpg,0,1,1,0,0,0
B (174).jpg,1,0,1,0,0,0
B (181).jpg,0,1,0,0,1,0
B (188).jpg,0,1,0,0,1,1
B (19).jpg,0,1,0,0,1,1
B (190).jpg,1,0,0,0,0,1
B (192).jpg,1,0,1,0,0,0
B (195).jpg,1,0,1,0,0,0
B (196).jpg,1,0,1,0,0,0
B (2).jpg,1,0,0,0,0,1
B (202).jpg,1,0,0,0,1,0
B (204).jpg,1,0,0,0,1,0
B (207).jpg,1,0,1,0,0,0
B (209).jpg,1,0,1,0,0,0
B (212).jpg,1,0,0,0,1,0
B (214).jpg,1,0,1,0,0,0
B (215).jpg,1,0,0,0,1,0
B (217).jpg,1,0,0,0,0,1
B (218).jpg,1,0,1,0,0,0
B (219).jpg,1,0,0,0,1,0
B (220).jpg,1,0,0,0,0,1
B (227).jpg,1,0,0,0,1,0
B (228).jpg,1,0,0,0,1,0
B (229).jpg,1,0,1,0,0,0
B (23).jpg,1,0,1,0,0,0
B (237).jpg,0,1,0,0,1,1
B (238).jpg,1,0,0,0,1,0
B (239).jpg,1,0,0,0,1,1
B (24).jpg,1,0,1,0,0,0
B (241).jpg,1,0,1,0,0,0
B (254).jpg,0,1,1,0,0,0
B (263).jpg,0,1,1,0,0,0
B (264).jpg,1,0,0,0,1,0
B (267).jpg,1,0,0,0,1,1
B (268).jpg,1,0,0,0,1,0
B (272).jpg,1,0,1,0,0,0
B (276).jpg,0,1,1,0,0,0
B (279).jpg,1,0,0,0,1,0
B (280).jpg,1,0,0,0,0,1
B (283).jpg,0,1,0,0,0,1
B (284).jpg,1,0,1,0,0,0
B (289).jpg,1,0,1,0,0,0
B (296).jpg,1,0,0,0,1,1
B (299).jpg,0,1,0,0,1,1
B (30).jpg,1,0,1,0,0,0
B (300).jpg,1,0,0,0,0,1
B (304).jpg,1,0,1,0,0,0
B (305).jpg,1,0,1,0,0,0
B (312).jpg,1,0,0,0,1,1
B (314).jpg,0,1,0,0,1,0
B (318).jpg,0,1,1,0,0,0
B (320).jpg,1,0,0,0,1,0
B (322).jpg,1,0,1,0,0,0
B (325).jpg,0,1,1,0,0,0
B (327).jpg,1,0,1,0,0,0
B (33).jpg,0,1,1,0,0,0
B (332).jpg,1,0,1,0,0,0
B (341).jpg,1,0,0,0,0,1
B (342).jpg,0,1,0,0,0,1
B (343).jpg,1,0,0,0,0,1
B (349).jpg,0,1,0,0,1,0
B (35).jpg,0,1,0,0,1,0
B (358).jpg,1,0,1,0,0,0
B (359).jpg,1,0,0,0,0,1
B (360).jpg,1,0,0,0,1,0
B (361).jpg,0,1,0,0,1,1
B (362).jpg,0,1,0,0,1,0
B (363).jpg,0,1,0,0,1,1
B (364).jpg,1,0,0,0,1,0
B (367).jpg,0,1,1,0,0,0
B (368).jpg,1,0,1,0,0,0
B (37).jpg,1,0,0,0,1,0
B (371).jpg,0,1,0,0,1,1
B (378).jpg,1,0,0,0,0,1
B (379).jpg,1,0,0,0,1,0
B (38).jpg,1,0,0,0,1,0
B (381).jpg,1,0,0,0,1,1
B (385).jpg,1,0,0,0,1,1
B (39).jpg,0,1,0,0,0,1
B (395).jpg,1,0,1,0,0,0
B (398).jpg,1,0,0,0,0,1
B (399).jpg,1,0,0,0,1,0
B (40).jpg,1,0,0,0,1,0
B (400).jpg,1,0,0,0,0,1
B (406).jpg,1,0,0,0,0,1
B (411).jpg,0,1,0,0,1,1
B (416).jpg,1,0,0,0,1,0
B (417).jpg,1,0,1,0,0,0
B (419).jpg,1,0,0,0,1,1
B (422).jpg,0,1,0,0,0,1
B (423).jpg,1,0,0,0,1,1
B (424).jpg,1,0,0,0,1,0
B (425).jpg,0,1,0,0,1,0
B (428).jpg,1,0,0,0,1,0
B (429).jpg,0,1,0,0,1,0
B (431).jpg,1,0,0,0,0,1
B (433).jpg,1,0,0,0,0,1
B (434).jpg,1,0,1,0,0,0
B (437).jpg,0,1,1,0,0,0
B (438).jpg,0,1,0,0,0,1
B (439).jpg,0,1,0,0,1,1
B (442).jpg,1,0,0,0,1,0
B (443).jpg,0,1,0,0,0,1
B (445).jpg,1,0,0,0,1,0
B (456).jpg,1,0,1,0,0,0
B (458).jpg,0,1,0,0,1,1
B (463).jpg,1,0,0,0,0,1
B (469).jpg,1,0,0,0,0,1
B (470).jpg,0,1,1,0,0,0
B (485).jpg,0,1,0,0,1,0
B (486).jpg,0,1,1,0,0,0
B (487).jpg,1,0,0,0,1,0
B (62).jpg,1,0,1,0,0,0
B (67).jpg,0,1,0,0,0,1
B (72).jpg,1,0,1,0,0,0
B (73).jpg,0,1,0,0,0,1
B (75).jpg,1,0,1,0,0,0
B (76).jpg,1,0,0,0,1,1
B (77).jpg,0,1,0,0,0,1
B (78).jpg,0,1,0,0,0,1
B (79).jpg,0,1,0,0,0,1
B (8).jpg,1,0,1,0,0,0
B (80).jpg,0,1,0,0,0,1
B (81).jpg,1,0,0,0,0,1
B (82).jpg,1,0,1,0,0,0
B (83).jpg,0,1,0,0,1,0
B (84).jpg,1,0,1,0,0,0
B (86).jpg,0,1,0,0,0,1
B (87).jpg,1,0,0,0,0,1
B (88).jpg,1,0,0,0,1,0
B (9).jpg,0,1,1,0,0,0
B (90).jpg,0,1,0,0,1,0
B (96).jpg,0,1,1,0,0,0
B (99).jpg,1,0,0,0,0,1
BB (5).jpg,1,0,1,0,0,0
C (1).jpg,1,0,0,0,1,0
C (100).jpg,1,0,0,0,0,1
C (1000).jpg,0,1,0,0,0,1
C (1004).jpg,1,0,0,0,0,1
C (1006).jpg,0,1,1,0,0,0
C (1007).jpg,0,1,1,0,0,0
C (1009).jpg,1,0,1,0,0,0
C (1018).jpg,1,0,0,0,1,0
C (1022).jpg,0,1,0,0,1,1
C (1025).jpg,1,0,0,0,0,1
C (1028).jpg,0,1,0,0,1,0
C (1031).jpg,1,0,0,0,1,1
C (1035).jpg,0,1,0,0,1,1
C (1036).jpg,0,1,0,0,1,0
C (1038).jpg,1,0,0,0,0,1
C (1039).jpg,1,0,0,0,1,0
C (104).jpg,1,0,0,0,0,1
C (1043).jpg,1,0,1,0,0,0
C (1044).jpg,1,0,0,0,0,1
C (1045).jpg,1,0,0,0,1,0
C (1046).jpg,1,0,0,0,1,1
C (1047).jpg,1,0,1,0,0,0
C (1048).jpg,1,0,0,0,1,0
C (1049).jpg,1,0,0,0,1,1
C (1050).jpg,0,1,0,0,1,0
C (1052).jpg,1,0,0,0,1,1
C (1053).jpg,1,0,0,0,1,1
C (1057).jpg,0,1,0,0,0,1
C (1060).jpg,0,1,0,0,1,0
C (1062).jpg,1,0,1,0,0,0
C (1064).jpg,0,1,0,0,1,1
C (1065).jpg,1,0,0,0,1,0
C (1066).jpg,0,1,0,0,0,1
C (1067).jpg,1,0,0,0,1,1
C (1069).jpg,1,0,0,0,1,1
C (107).jpg,1,0,0,0,1,0
C (1070).jpg,1,0,0,0,1,0
C (1071).jpg,0,1,0,0,1,0
C (1074).jpg,1,0,0,0,0,1
C (1076).jpg,1,0,0,0,1,0
C (1079).jpg,1,0,0,0,0,1
C (1081).jpg,1,0,0,0,0,1
C (1095).jpg,1,0,0,0,0,1
C (1099).jpg,0,1,0,0,0,1
C (1102).jpg,0,1,0,0,0,1
C (1105).jpg,1,0,0,0,0,1
C (1106).jpg,1,0,0,0,1,1
C (1107).jpg,1,0,0,0,1,1
C (1111).jpg,1,0,0,0,1,1
C (1113).jpg,0,1,0,0,1,0
C (1116).jpg,1,0,0,0,1,0
C (1121).jpg,1,0,0,0,1,1
C (1126).jpg,1,0,0,0,1,1
C (1127).jpg,1,0,0,0,0,1
C (113).jpg,1,0,0,0,1,1
C (1131).jpg,1,0,0,0,1,1
C (1132).jpg,1,0,0,0,1,1
C (1133).jpg,0,1,0,0,1,0
C (1134).jpg,1,0,0,0,1,1
C (1135).jpg,0,1,0,0,1,1
C (1137).jpg,0,1,0,0,0,1
C (114).jpg,0,1,0,0,1,0
C (1140).jpg,0,1,0,0,1,1
C (1142).jpg,0,1,0,0,0,1
C (1146).jpg,1,0,0,0,0,1
C (1147).jpg,0,1,0,0,1,0
C (1148).jpg,0,1,0,0,1,1
C (115).jpg,1,0,0,0,1,0
C (116).jpg,1,0,1,0,0,0
C (12).jpg,0,1,0,0,1,1
C (121).jpg,0,1,0,0,1,0
C (124).jpg,1,0,0,0,1,1
C (126).jpg,0,1,0,0,1,1
C (132).jpg,1,0,1,0,0,0
C (133).jpg,1,0,1,0,0,0
C (138).jpg,0,1,0,0,1,0
C (14).jpg,1,0,0,0,0,1
C (141).jpg,0,1,1,0,0,0
C (144).jpg,1,0,0,0,1,0
C (148).jpg,1,0,0,0,1,1
C (150).jpg,1,0,0,0,1,0
C (151).jpg,1,0,1,0,0,0
C (157).jpg,1,0,0,0,0,1
C (159).jpg,0,1,0,0,0,1
C (161).jpg,1,0,0,0,1,0
C (162).jpg,1,0,0,0,1,1
C (163).jpg,1,0,0,0,1,1
C (164).jpg,1,0,0,0,1,0
C (165).jpg,1,0,0,0,1,0
C (169).jpg,1,0,0,0,1,1
C (176).jpg,1,0,0,0,1,1
C (181).jpg,1,0,0,0,1,1
C (182).jpg,1,0,0,0,1,0
C (185).jpg,0,1,0,0,1,0
C (195).jpg,1,0,0,0,0,1
C (196).jpg,0,1,0,0,0,1
C (198).jpg,1,0,0,0,1,1
C (20).jpg,0,1,0,0,0,1
C (201).jpg,0,1,0,0,1,1
C (203).jpg,1,0,0,0,1,0
C (204).jpg,1,0,0,0,0,1
C (206).jpg,1,0,0,0,0,1
C (209).jpg,0,1,0,0,1,0
C (21).jpg,1,0,0,0,1,1
C (214).jpg,1,0,0,0,1,0
C (216).jpg,1,0,0,0,1,1
C (217).jpg,1,0,0,0,1,0
C (218).jpg,0,1,0,0,1,0
C (22).jpg,0,1,0,0,1,1
C (224).jpg,0,1,1,0,0,0
C (227).jpg,1,0,0,0,1,0
C (228).jpg,1,0,1,0,0,0
C (235).jpg,1,0,0,0,0,1
C (242).jpg,1,0,0,0,1,0
C (245).jpg,1,0,0,0,1,0
C (248).jpg,0,1,0,0,1,0
C (25).jpg,0,1,1,0,0,0
C (250).jpg,1,0,1,0,0,0
C (259).jpg,0,1,0,0,0,1
C (267).jpg,0,1,1,0,0,0
C (269).jpg,1,0,0,0,1,0
C (271).jpg,1,0,0,0,0,1
C (272).jpg,1,0,0,0,1,1
C (274).jpg,0,1,1,0,0,0
C (279).jpg,1,0,0,0,1,0
C (281).jpg,1,0,0,0,1,1
C (282).jpg,1,0,0,0,1,1
C (285).jpg,1,0,0,0,1,1
C (287).jpg,1,0,0,0,1,0
C (29).jpg,1,0,1,0,0,0
C (291).jpg,0,1,0,0,0,1
C (293).jpg,1,0,0,0,0,1
C (295).jpg,1,0,0,0,0,1
C (296).jpg,0,1,0,0,1,0
C (297).jpg,1,0,0,0,1,1
C (299).jpg,1,0,0,0,1,1
C (30).jpg,1,0,0,0,0,1
C (305).jpg,1,0,0,0,1,1
C (306).jpg,0,1,0,0,1,0
C (308).jpg,1,0,0,0,1,1
C (309).jpg,1,0,0,0,0,1
C (310).jpg,1,0,0,0,1,0
C (311).jpg,1,0,0,0,1,0
C (312).jpg,0,1,0,0,1,1
C (314).jpg,0,1,0,0,0,1
C (315).jpg,1,0,0,0,0,1
C (316).jpg,1,0,1,0,0,0
C (317).jpg,1,0,0,0,0,1
C (323).jpg,0,1,0,0,0,1
C (324).jpg,1,0,0,0,1,1
C (328).jpg,1,0,0,0,0,1
C (333).jpg,1,0,1,0,0,0
C (335).jpg,1,0,0,0,0,1
C (338).jpg,1,0,0,0,0,1
C (346).jpg,1,0,0,0,1,0
C (347).jpg,0,1,1,0,0,0
C (348).jpg,1,0,0,0,0,1
C (349).jpg,1,0,0,0,1,1
C (355).jpg,0,1,0,0,1,1
C (357).jpg,0,1,0,0,1,1
C (358).jpg,1,0,0,0,1,0
C (359).jpg,1,0,1,0,0,0
C (360).jpg,1,0,0,0,1,0
C (361).jpg,1,0,0,0,1,0
C (362).jpg,1,0,1,0,0,0
C (363).jpg,1,0,0,0,1,1
C (365).jpg,0,1,0,0,1,1
C (367).jpg,1,0,0,0,1,1
C (37).jpg,1,0,1,0,0,0
C (372).jpg,1,0,1,0,0,0
C (373).jpg,1,0,0,0,0,1
C (374).jpg,0,1,0,0,1,0
C (375).jpg,1,0,0,0,0,1
C (376).jpg,0,1,0,0,1,1
C (377).jpg,1,0,1,0,0,0
C (378).jpg,1,0,0,0,0,1
C (38).jpg,0,1,0,0,0,1
C (386).jpg,1,0,1,0,0,0
C (387).jpg,1,0,0,0,0,1
C (388).jpg,0,1,0,0,1,0
C (39).jpg,1,0,0,0,1,1
C (403).jpg,1,0,0,0,1,1
C (405).jpg,0,1,0,0,1,0
C (407).jpg,1,0,0,0,0,1
C (408).jpg,1,0,0,0,1,0
C (410).jpg,0,1,0,0,1,1
C (412).jpg,1,0,0,0,1,1
C (414).jpg,1,0,0,0,0,1
C (415).jpg,1,0,0,0,0,1
C (416).jpg,1,0,0,0,1,0
C (417).jpg,1,0,0,0,1,0
C (418).jpg,0,1,0,0,1,0
C (420).jpg,1,0,0,0,0,1
C (423).jpg,1,0,0,0,1,1
C (43).jpg,1,0,0,0,1,1
C (431).jpg,1,0,0,0,0,1
C (433).jpg,1,0,0,0,0,1
C (434).jpg,0,1,0,0,0,1
C (436).jpg,1,0,0,0,0,1
C (440).jpg,1,0,0,0,0,1
C (442).jpg,1,0,0,0,1,0
C (446).jpg,1,0,1,0,0,0
C (447).jpg,1,0,0,0,1,0
C (451).jpg,1,0,0,0,0,1
C (452).jpg,0,1,1,0,0,0
C (455).jpg,1,0,0,0,1,0
C (456).jpg,0,1,0,0,0,1
C (458).jpg,0,1,1,0,0,0
C (460).jpg,1,0,0,0,0,1
C (465).jpg,0,1,0,0,0,1
C (466).jpg,1,0,0,0,1,0
C (468).jpg,1,0,1,0,0,0
C (471).jpg,1,0,1,0,0,0
C (473).jpg,0,1,0,0,1,0
C (48).jpg,0,1,1,0,0,0
C (481).jpg,0,1,0,0,1,1
C (484).jpg,0,1,1,0,0,0
C (485).jpg,1,0,0,0,1,1
C (486).jpg,1,0,0,0,1,1
C (487).jpg,0,1,0,0,1,0
C (488).jpg,0,1,0,0,1,1
C (489).jpg,1,0,1,0,0,0
C (490).jpg,0,1,0,0,1,1
C (491).jpg,1,0,0,0,0,1
C (492).jpg,1,0,0,0,0,1
C (493).jpg,1,0,0,0,1,1
C (496).jpg,1,0,0,0,1,0
C (498).jpg,0,1,0,0,1,0
C (499).jpg,0,1,1,0,0,0
C (501).jpg,0,1,0,0,0,1
C (502).jpg,0,1,0,0,1,1
C (503).jpg,1,0,0,0,1,0
C (504).jpg,0,1,0,0,1,0
C (507).jpg,1,0,1,0,0,0
C (508).jpg,0,1,0,0,0,1
C (509).jpg,0,1,0,0,1,0
C (51).jpg,1,0,0,0,1,0
C (510).jpg,1,0,0,0,1,1
C (511).jpg,1,0,0,0,1,1
C (513).jpg,1,0,0,0,1,1
C (515).jpg,0,1,0,0,0,1
C (516).jpg,0,1,0,0,1,1
C (523).jpg,0,1,0,0,1,1
C (524).jpg,0,1,0,0,1,1
C (526).jpg,1,0,0,0,1,1
C (528).jpg,1,0,0,0,1,0
C (529).jpg,1,0,1,0,0,0
C (530).jpg,1,0,0,0,1,1
C (531).jpg,1,0,0,0,1,0
C (534).jpg,0,1,1,0,0,0
C (536).jpg,1,0,0,0,0,1
C (539).jpg,0,1,0,0,1,0
C (54).jpg,0,1,0,0,1,1
C (540).jpg,1,0,1,0,0,0
C (541).jpg,1,0,0,0,1,1
C (544).jpg,1,0,0,0,1,1
C (545).jpg,1,0,0,0,1,0
C (546).jpg,1,0,0,0,1,1
C (548).jpg,1,0,0,0,1,0
C (555).jpg,1,0,0,0,1,1
C (559).jpg,0,1,0,0,1,1
C (560).jpg,1,0,0,0,1,1
C (563).jpg,0,1,0,0,1,1
C (564).jpg,1,0,1,0,0,0
C (565).jpg,1,0,0,0,1,0
C (566).jpg,1,0,0,0,1,1
C (568).jpg,0,1,0,0,1,1
C (569).jpg,1,0,0,0,0,1
C (571).jpg,0,1,0,0,1,1
C (572).jpg,1,0,0,0,0,1
C (573).jpg,0,1,0,0,1,1
C (575).jpg,1,0,0,0,0,1
C (576).jpg,1,0,0,0,0,1
C (58).jpg,1,0,1,0,0,0
C (580).jpg,1,0,0,0,0,1
C (583).jpg,0,1,1,0,0,0
C (584).jpg,1,0,0,0,1,0
C (59).jpg,0,1,0,0,1,0
C (592).jpg,1,0,0,0,1,1
C (593).jpg,0,1,0,0,0,1
C (599).jpg,1,0,1,0,0,0
C (60).jpg,1,0,0,0,1,0
C (600).jpg,0,1,0,0,1,1
C (601).jpg,0,1,1,0,0,0
C (603).jpg,0,1,0,0,1,1
C (604).jpg,1,0,0,0,1,0
C (605).jpg,1,0,1,0,0,0
C (606).jpg,1,0,1,0,0,0
C (607).jpg,0,1,0,0,1,0
C (61).jpg,1,0,0,0,0,1
C (610).jpg,1,0,0,0,0,1
C (612).jpg,1,0,0,0,0,1
C (613).jpg,1,0,0,0,1,1
C (614).jpg,1,0,0,0,0,1
C (615).jpg,1,0,0,0,1,1
C (617).jpg,1,0,1,0,0,0
C (618).jpg,0,1,1,0,0,0
C (624).jpg,1,0,0,0,1,0
C (626).jpg,0,1,0,0,1,1
C (627).jpg,1,0,0,0,1,1
C (629).jpg,0,1,0,0,1,1
C (631).jpg,1,0,0,0,1,0
C (632).jpg,1,0,1,0,0,0
C (636).jpg,1,0,0,0,1,0
C (637).jpg,0,1,0,0,1,1
C (639).jpg,1,0,0,0,0,1
C (64).jpg,0,1,0,0,1,0
C (641).jpg,0,1,0,0,1,0
C (645).jpg,0,1,0,0,1,1
C (648).jpg,1,0,0,0,0,1
C (649).jpg,1,0,0,0,1,1
C (65).jpg,0,1,0,0,0,1
C (650).jpg,0,1,0,0,1,1
C (652).jpg,0,1,0,0,1,0
C (655).jpg,1,0,0,0,0,1
C (657).jpg,1,0,0,0,0,1
C (658).jpg,1,0,0,0,1,0
C (66).jpg,1,0,0,0,0,1
C (660).jpg,0,1,0,0,1,1
C (662).jpg,0,1,0,0,0,1
C (663).jpg,1,0,0,0,1,0
C (665).jpg,0,1,0,0,0,1
C (667).jpg,1,0,0,0,1,0
C (67).jpg,1,0,0,0,1,1
C (670).jpg,1,0,0,0,1,1
C (672).jpg,1,0,0,0,1,0
C (673).jpg,1,0,0,0,1,1
C (674).jpg,0,1,0,0,0,1
C (675).jpg,0,1,0,0,1,0
C (677).jpg,1,0,0,0,1,0
C (68).jpg,1,0,0,0,1,0
C (682).jpg,0,1,0,0,0,1
C (685).jpg,1,0,0,0,1,1
C (687).jpg,0,1,0,0,0,1
C (688).jpg,0,1,0,0,1,0
C (69).jpg,1,0,0,0,0,1
C (690).jpg,0,1,1,0,0,0
C (692).jpg,0,1,0,0,1,0
C (693).jpg,0,1,0,0,0,1
C (695).jpg,1,0,0,0,1,0
C (696).jpg,1,0,0,0,1,1
C (698).jpg,1,0,0,0,0,1
C (699).jpg,1,0,1,0,0,0
C (70).jpg,1,0,1,0,0,0
C (702).jpg,0,1,0,0,1,0
C (703).jpg,0,1,0,0,0,1
C (704).jpg,1,0,0,0,1,1
C (71).jpg,0,1,0,0,1,0
C (710).jpg,0,1,0,0,1,1
C (711).jpg,1,0,0,0,1,1
C (717).jpg,1,0,0,0,1,1
C (718).jpg,0,1,0,0,1,1
C (719).jpg,0,1,0,0,0,1
C (720).jpg,1,0,0,0,1,0
C (721).jpg,1,0,0,0,1,1
C (723).jpg,0,1,0,0,1,0
C (725).jpg,1,0,0,0,1,1
C (726).jpg,0,1,0,0,1,0
C (73).jpg,1,0,0,0,1,1
C (730).jpg,0,1,0,0,1,0
C (731).jpg,0,1,0,0,0,1
C (732).jpg,0,1,0,0,1,0
C (733).jpg,1,0,0,0,0,1
C (734).jpg,1,0,0,0,1,1
C (738).jpg,1,0,0,0,0,1
C (740).jpg,0,1,0,0,1,1
C (744).jpg,1,0,0,0,1,1
C (745).jpg,1,0,0,0,1,1
C (746).jpg,1,0,0,0,0,1
C (748).jpg,1,0,0,0,1,0
C (749).jpg,0,0,1,0,0,0
C (75).jpg,1,0,1,0,0,0
C (755).jpg,1,0,1,0,0,0
C (756).jpg,0,1,0,0,1,1
C (758).jpg,0,1,0,0,0,1
C (759).jpg,1,0,0,0,1,0
C (761).jpg,1,0,0,0,1,1
C (763).jpg,1,0,0,0,0,1
C (764).jpg,0,1,0,0,0,1
C (766).jpg,0,1,0,0,0,1
C (767).jpg,1,0,0,0,1,0
C (769).jpg,1,0,1,0,0,0
C (771).jpg,0,1,0,0,1,1
C (774).jpg,1,0,0,0,1,1
C (775).jpg,1,0,1,0,0,0
C (777).jpg,1,0,0,0,1,0
C (78).jpg,1,0,0,0,1,0
C (782).jpg,1,0,1,0,0,0
C (786).jpg,0,1,0,0,1,0
C (788).jpg,1,0,0,0,1,0
C (790).jpg,1,0,0,0,0,1
C (791).jpg,1,0,0,0,1,1
C (793).jpg,1,0,0,0,1,0
C (794).jpg,0,1,0,0,1,1
C (796).jpg,0,1,0,0,1,1
C (798).jpg,1,0,0,0,0,1
C (799).jpg,0,1,1,0,0,0
C (8).jpg,1,0,0,0,1,0
C (800).jpg,1,0,0,0,1,1
C (802).jpg,1,0,0,0,1,1
C (804).jpg,0,1,1,0,0,0
C (805).jpg,1,0,0,0,1,0
C (808).jpg,1,0,0,0,1,0
C (81).jpg,1,0,0,0,1,1
C (810).jpg,0,1,0,0,1,0
C (814).jpg,1,0,0,0,0,1
C (816).jpg,1,0,0,0,1,1
C (817).jpg,0,1,0,0,1,1
C (819).jpg,0,1,0,0,1,1
C (822).jpg,1,0,0,0,0,1
C (823).jpg,1,0,0,0,0,1
C (825).jpg,1,0,0,0,1,0
C (826).jpg,1,0,0,0,1,1
C (830).jpg,1,0,0,0,1,0
C (832).jpg,1,0,0,0,0,1
C (834).jpg,0,1,0,0,1,0
C (836).jpg,1,0,0,0,0,1
C (837).jpg,1,0,0,0,0,1
C (839).jpg,0,1,0,0,0,1
C (840).jpg,1,0,0,0,1,0
C (842).jpg,1,0,0,0,1,0
C (843).jpg,0,1,1,0,0,0
C (844).jpg,1,0,0,0,1,1
C (846).jpg,1,0,0,0,1,1
C (847).jpg,0,1,0,0,1,1
C (850).jpg,1,0,0,0,1,1
C (851).jpg,1,0,0,0,1,0
C (853).jpg,0,1,0,0,1,1
C (855).jpg,1,0,0,0,0,1
C (858).jpg,1,0,0,0,0,1
C (860).jpg,1,0,0,0,0,1
C (861).jpg,1,0,0,0,0,1
C (862).jpg,1,0,0,0,1,0
C (865).jpg,0,1,0,0,1,0
C (867).jpg,0,1,0,0,1,0
C (869).jpg,0,1,0,0,1,0
C (870).jpg,0,1,0,0,0,1
C (871).jpg,1,0,1,0,0,0
C (875).jpg,0,1,0,0,1,0
C (876).jpg,1,0,0,0,0,1
C (88).jpg,1,0,0,0,0,1
C (880).jpg,0,1,1,0,0,0
C (881).jpg,0,1,0,0,1,1
C (882).jpg,1,0,1,0,0,0
C (884).jpg,1,0,0,0,1,1
C (886).jpg,0,1,0,0,0,1
C (887).jpg,1,0,0,0,1,1
C (889).jpg,0,1,1,0,0,0
C (892).jpg,1,0,0,0,1,1
C (893).jpg,1,0,0,0,0,1
C (897).jpg,1,0,0,0,1,1
C (90).jpg,1,0,1,0,0,0
C (900).jpg,1,0,0,0,1,0
C (901).jpg,1,0,0,0,0,1
C (905).jpg,0,1,0,0,0,1
C (910).jpg,1,0,0,0,1,0
C (911).jpg,1,0,0,0,0,1
C (912).jpg,1,0,1,0,0,0
C (914).jpg,1,0,0,0,1,0
C (916).jpg,1,0,0,0,0,1
C (917).jpg,1,0,0,0,1,1
C (918).jpg,1,0,0,0,0,1
C (920).jpg,0,1,0,0,1,1
C (93).jpg,1,0,0,0,0,1
C (934).jpg,1,0,0,0,0,1
C (936).jpg,1,0,0,0,1,0
C (938).jpg,1,0,0,0,1,0
C (939).jpg,1,0,0,0,0,1
C (940).jpg,1,0,0,0,1,0
C (942).jpg,1,0,0,0,1,1
C (943).jpg,1,0,0,0,0,1
C (945).jpg,1,0,1,0,0,0
C (946).jpg,1,0,0,0,1,1
C (947).jpg,1,0,0,0,0,1
C (948).jpg,1,0,1,0,0,0
C (95).jpg,0,1,0,0,1,0
C (950).jpg,0,0,0,0,0,1
C (951).jpg,0,1,0,0,1,1
C (952).jpg,1,0,0,0,1,1
C (958).jpg,1,0,0,0,1,1
C (959).jpg,1,0,0,0,0,1
C (96).jpg,1,0,1,0,0,0
C (965).jpg,1,0,0,0,0,1
C (968).jpg,1,0,0,0,1,1
C (970).jpg,1,0,0,0,1,1
C (974).jpg,0,1,0,0,1,0
C (975).jpg,1,0,0,0,1,1
C (976).jpg,0,1,0,0,1,0
C (979).jpg,1,0,0,0,0,1
C (980).jpg,1,0,1,0,0,0
C (983).jpg,1,0,0,0,1,1
C (984).jpg,1,0,0,0,0,1
C (986).jpg,0,1,0,0,1,1
C (987).jpg,1,0,0,0,1,1
C (989).jpg,1,0,0,0,0,1
C (99).jpg,0,1,0,0,0,1
C (993).jpg,0,0,0,0,1,1
C (996).jpg,0,1,0,0,0,1
CC (10).jpg,1,0,0,0,0,1
CC (13).jpg,1,0,1,0,0,0
CC (2).jpg,0,1,0,0,1,0
CC (21).jpg,0,1,0,0,0,1
CC (25).jpg,0,1,0,0,1,0
CC (6).jpg,1,0,1,0,0,0
D (10).jpg,1,0,1,0,0,0
D (102).jpg,1,0,0,0,1,0
D (103).jpg,1,0,0,0,1,0
D (108).jpg,1,0,0,0,1,0
D (109).jpg,0,1,0,0,1,1
D (110).jpg,0,1,0,0,1,1
D (113).jpg,1,0,0,0,1,0
D (114).jpg,1,0,0,0,1,1
D (116).jpg,0,1,0,0,1,1
D (120).jpg,0,1,0,0,1,0
D (128).jpg,1,0,0,0,1,1
D (129).jpg,0,1,0,0,1,1
D (131).jpg,0,1,0,0,1,0
D (132).jpg,0,1,0,0,1,1
D (133).jpg,0,1,0,0,1,0
D (136).jpg,1,0,0,0,1,0
D (137).jpg,0,1,0,0,1,0
D (138).jpg,1,0,0,0,1,0
D (140).jpg,1,0,1,0,0,0
D (145).jpg,0,1,1,0,0,0
D (147).jpg,1,0,0,0,0,1
D (148).jpg,1,0,0,0,1,0
D (149).jpg,1,0,0,0,0,1
D (15).jpg,0,1,1,0,0,0
D (150).jpg,0,1,0,0,1,0
D (151).jpg,0,1,0,0,1,0
D (152).jpg,1,0,0,0,1,0
D (159).jpg,1,0,0,0,1,1
D (16).jpg,1,0,0,0,0,1
D (166).jpg,0,1,0,0,0,1
D (167).jpg,0,1,0,0,1,1
D (168).jpg,0,1,0,0,1,0
D (170).jpg,0,1,0,0,1,0
D (172).jpg,0,1,0,0,0,1
D (175).jpg,1,0,0,0,1,1
D (176).jpg,1,0,0,0,1,1
D (178).jpg,0,1,0,0,1,0
D (179).jpg,0,1,0,0,1,1
D (18).jpg,0,1,0,0,0,1
D (180).jpg,1,0,0,0,1,1
D (182).jpg,1,0,0,0,1,1
D (186).jpg,0,1,0,0,1,0
D (187).jpg,1,0,0,0,0,1
D (188).jpg,0,1,1,0,0,0
D (191).jpg,0,1,0,0,1,0
D (192).jpg,0,1,0,0,1,0
D (193).jpg,1,0,1,0,0,0
D (196).jpg,0,1,0,0,0,1
D (198).jpg,1,0,0,0,0,1
D (20).jpg,1,0,0,0,1,0
D (200).jpg,1,0,1,0,0,0
D (205).jpg,0,1,0,0,1,0
D (206).jpg,0,1,0,0,1,0
D (21).jpg,1,0,0,0,0,1
D (212).jpg,0,1,0,0,0,1
D (217).jpg,0,1,0,0,1,0
D (22).jpg,0,1,1,0,0,0
D (220).jpg,0,1,0,0,1,1
D (222).jpg,1,0,0,0,1,1
D (223).jpg,0,1,0,0,1,1
D (224).jpg,1,0,0,0,1,1
D (231).jpg,0,1,0,0,1,0
D (232).jpg,0,1,1,0,0,0
D (237).jpg,0,1,0,0,1,1
D (238).jpg,0,1,1,0,0,0
D (242).jpg,1,0,0,0,1,0
D (243).jpg,1,0,1,0,0,0
D (244).jpg,0,1,0,0,0,1
D (246).jpg,1,0,0,0,1,1
D (249).jpg,1,0,1,0,0,0
D (25).jpg,1,0,0,0,1,1
D (250).jpg,0,1,0,0,1,1
D (256).jpg,0,1,0,0,1,0
D (26).jpg,0,1,0,0,1,0
D (261).jpg,0,1,0,0,1,0
D (266).jpg,0,1,0,0,1,1
D (267).jpg,0,1,1,0,0,0
D (268).jpg,1,0,0,0,1,0
D (269).jpg,1,0,0,0,0,1
D (27).jpg,1,0,0,0,1,1
D (270).jpg,1,0,0,0,1,1
D (275).jpg,0,1,0,0,1,1
D (276).jpg,0,1,0,0,1,0
D (277).jpg,0,1,0,0,1,0
D (279).jpg,0,1,0,0,1,0
D (283).jpg,1,0,0,0,1,1
D (288).jpg,0,1,0,0,1,1
D (289).jpg,1,0,0,0,1,0
D (29).jpg,1,0,1,0,0,0
D (295).jpg,1,0,0,0,1,0
D (297).jpg,1,0,0,0,1,1
D (30).jpg,1,0,0,0,1,0
D (303).jpg,1,0,1,0,0,0
D (307).jpg,1,0,0,0,1,1
D (308).jpg,1,0,0,0,1,0
D (313).jpg,0,1,0,0,1,1
D (314).jpg,1,0,1,0,0,0
D (316).jpg,0,1,1,0,0,0
D (319).jpg,0,1,0,0,1,1
D (32).jpg,1,0,0,0,1,0
D (321).jpg,0,1,0,0,1,1
D (323).jpg,1,0,0,0,1,1
D (324).jpg,1,0,0,0,1,1
D (325).jpg,1,0,0,0,1,0
D (33).jpg,1,0,0,0,1,1
D (330).jpg,0,1,0,0,1,0
D (331).jpg,1,0,0,0,1,0
D (332).jpg,0,1,0,0,1,1
D (334).jpg,1,0,0,0,1,0
D (336).jpg,0,1,0,0,1,0
D (338).jpg,1,0,0,0,1,1
D (339).jpg,1,0,0,0,0,1
D (341).jpg,0,1,0,0,1,1
D (342).jpg,1,0,0,0,0,1
D (347).jpg,0,1,0,0,1,1
D (348).jpg,0,1,0,0,0,1
D (35).jpg,1,0,0,0,0,1
D (351).jpg,0,1,0,0,1,0
D (354).jpg,0,1,0,0,1,0
D (358).jpg,0,1,0,0,1,0
D (36).jpg,0,1,0,0,1,0
D (367).jpg,0,1,0,0,0,1
D (372).jpg,0,1,0,0,1,0
D (375).jpg,1,0,0,0,1,0
D (38).jpg,0,1,0,0,1,0
D (381).jpg,1,0,0,0,1,0
D (386).jpg,1,0,1,0,0,0
D (389).jpg,1,0,0,0,1,0
D (394).jpg,1,0,0,0,1,1
D (396).jpg,1,0,0,0,1,0
D (404).jpg,1,0,0,0,0,1
D (406).jpg,1,0,0,0,0,1
D (41).jpg,1,0,0,0,0,1
D (410).jpg,1,0,0,0,1,1
D (412).jpg,0,1,0,0,1,0
D (42).jpg,1,0,0,0,0,1
D (426).jpg,1,0,0,0,1,1
D (427).jpg,1,0,0,0,1,1
D (429).jpg,0,1,0,0,1,1
D (43).jpg,1,0,0,0,1,0
D (432).jpg,0,1,1,0,0,0
D (437).jpg,0,1,1,0,0,0
D (438).jpg,1,0,0,0,0,1
D (443).jpg,1,0,1,0,0,0
D (444).jpg,0,1,0,0,0,1
D (445).jpg,0,1,0,0,1,0
D (446).jpg,1,0,0,0,1,0
D (448).jpg,0,1,0,0,1,0
D (449).jpg,1,0,0,0,1,0
D (45).jpg,0,1,0,0,1,0
D (451).jpg,0,1,1,0,0,0
D (5).jpg,0,1,0,0,1,0
D (52).jpg,1,0,0,0,1,0
D (59).jpg,1,0,0,0,0,1
D (64).jpg,1,0,0,0,1,0
D (65).jpg,0,1,0,0,0,1
D (67).jpg,1,0,0,0,1,0
D (69).jpg,0,1,0,0,1,0
D (7).jpg,1,0,0,0,1,0
D (72).jpg,1,0,0,0,1,0
D (73).jpg,0,1,0,0,1,1
D (74).jpg,1,0,0,0,1,0
D (75).jpg,0,1,1,0,0,0
D (77).jpg,0,1,0,0,1,0
D (78).jpg,0,1,0,0,1,0
D (79).jpg,0,1,1,0,0,0
D (8).jpg,1,0,0,0,0,1
D (81).jpg,1,0,0,0,1,1
D (82).jpg,1,0,0,0,1,1
D (85).jpg,0,1,1,0,0,0
D (86).jpg,1,0,0,0,1,1
D (93).jpg,0,1,0,0,1,0
D (96).jpg,0,1,0,0,1,1
D (99).jpg,0,1,0,0,1,0
E (10).jpg,1,0,1,0,0,0
E (100).jpg,0,1,0,0,1,1
E (101).jpg,0,1,0,0,1,1
E (102).jpg,1,0,1,0,0,0
E (103).jpg,0,1,1,0,0,0
E (107).jpg,1,0,0,0,0,1
E (11).jpg,1,0,0,0,0,1
E (110).jpg,1,0,0,0,1,0
E (111).jpg,1,0,1,0,0,0
E (112).jpg,1,0,0,0,1,0
E (113).jpg,1,0,1,0,0,0
E (114).jpg,1,0,0,0,0,1
E (117).jpg,0,1,1,0,0,0
E (122).jpg,0,1,0,0,0,1
E (123).jpg,0,1,0,0,0,1
E (124).jpg,1,0,0,0,1,1
E (125).jpg,0,1,0,0,0,1
E (127).jpg,1,0,0,0,1,1
E (129).jpg,1,0,0,0,1,1
E (132).jpg,1,0,0,0,1,0
E (133).jpg,1,0,0,0,0,1
E (134).jpg,1,0,0,0,1,0
E (141).jpg,0,1,0,0,1,0
E (142).jpg,0,1,0,0,1,0
E (144).jpg,0,1,0,0,1,1
E (146).jpg,0,1,1,0,0,0
E (148).jpg,0,1,0,0,1,0
E (15).jpg,1,0,1,0,0,0
E (16).jpg,1,0,0,0,1,1
E (164).jpg,1,0,1,0,0,0
E (166).jpg,1,0,0,0,1,1
E (168).jpg,0,1,1,0,0,0
E (169).jpg,0,1,0,0,1,1
E (170).jpg,1,0,0,0,0,1
E (172).jpg,1,0,0,0,0,1
E (173).jpg,0,1,0,0,0,1
E (176).jpg,1,0,0,0,0,1
E (181).jpg,0,1,0,0,0,1
E (184).jpg,1,0,0,0,1,1
E (185).jpg,0,1,0,0,1,1
E (186).jpg,0,1,0,0,1,1
E (187).jpg,1,0,0,0,1,1
E (188).jpg,1,0,1,0,0,0
E (189).jpg,0,1,0,0,1,1
E (19).jpg,1,0,0,0,1,1
E (190).jpg,0,1,0,0,1,1
E (191).jpg,1,0,0,0,0,1
E (193).jpg,1,0,0,0,1,0
E (194).jpg,0,1,0,0,1,1
E (196).jpg,0,1,0,0,1,1
E (199).jpg,1,0,1,0,0,0
E (2).jpg,1,0,0,0,0,1
E (200).jpg,0,1,1,0,0,0
E (202).jpg,1,0,0,0,1,0
E (204).jpg,1,0,0,0,1,1
E (207).jpg,0,1,0,0,1,0
E (208).jpg,0,1,0,0,1,1
E (210).jpg,0,1,0,0,1,0
E (211).jpg,0,1,0,0,1,1
E (213).jpg,0,1,0,0,1,0
E (216).jpg,1,0,0,0,1,1
E (22).jpg,1,0,1,0,0,0
E (221).jpg,0,1,0,0,1,1
E (222).jpg,1,0,0,0,1,0
E (224).jpg,0,1,0,0,1,1
E (225).jpg,0,1,0,0,1,0
E (226).jpg,1,0,0,0,1,1
E (227).jpg,0,1,0,0,0,1
E (230).jpg,0,1,0,0,0,1
E (232).jpg,0,1,0,0,0,1
E (235).jpg,0,1,0,0,1,1
E (236).jpg,0,1,0,0,1,1
E (237).jpg,1,0,0,0,1,0
E (238).jpg,1,0,0,0,1,0
E (24).jpg,1,0,0,0,0,1
E (246).jpg,1,0,0,0,1,0
E (248).jpg,1,0,0,0,1,1
E (249).jpg,1,0,0,0,1,1
E (25).jpg,1,0,1,0,0,0
E (250).jpg,1,0,0,0,1,0
E (251).jpg,1,0,0,0,1,1
E (252).jpg,1,0,0,0,1,1
E (253).jpg,1,0,0,0,1,1
E (254).jpg,1,0,0,0,1,1
E (257).jpg,1,0,0,0,0,1
E (26).jpg,1,0,0,0,0,1
E (264).jpg,1,0,1,0,0,0
E (265).jpg,1,0,0,0,1,0
E (266).jpg,1,0,0,0,1,1
E (267).jpg,1,0,0,0,1,0
E (268).jpg,0,1,0,0,1,0
E (27).jpg,0,1,0,0,0,1
E (270).jpg,0,1,0,0,1,1
E (271).jpg,1,0,0,0,0,1
E (277).jpg,0,1,0,0,1,1
E (278).jpg,1,0,0,0,0,1
E (279).jpg,1,0,0,0,1,1
E (280).jpg,0,1,0,0,0,1
E (281).jpg,1,0,0,0,1,1
E (282).jpg,1,0,0,0,1,1
E (285).jpg,0,1,1,0,0,0
E (286).jpg,1,0,0,0,1,1
E (287).jpg,0,1,0,0,1,0
E (29).jpg,0,1,0,0,0,1
E (291).jpg,0,1,0,0,0,1
E (295).jpg,1,0,0,0,1,1
E (296).jpg,1,0,1,0,0,0
E (3).jpg,1,0,0,0,0,1
E (301).jpg,0,1,0,0,1,0
E (303).jpg,0,1,0,0,1,1
E (306).jpg,0,1,1,0,0,0
E (31).jpg,1,0,0,0,1,0
E (313).jpg,0,1,0,0,1,1
E (317).jpg,0,1,0,0,1,0
E (32).jpg,0,1,0,0,1,1
E (321).jpg,0,1,0,0,1,0
E (324).jpg,1,0,0,0,1,1
E (325).jpg,1,0,0,0,0,1
E (329).jpg,0,1,0,0,1,1
E (33).jpg,0,1,0,0,1,0
E (34).jpg,1,0,1,0,0,0
E (340).jpg,0,1,0,0,1,0
E (341).jpg,0,1,1,0,0,0
E (342).jpg,1,0,1,0,0,0
E (343).jpg,0,1,0,0,1,0
E (344).jpg,1,0,1,0,0,0
E (345).jpg,1,0,1,0,0,0
E (348).jpg,0,1,1,0,0,0
E (355).jpg,1,0,0,0,1,0
E (363).jpg,1,0,1,0,0,0
E (365).jpg,0,1,1,0,0,0
E (366).jpg,0,1,0,0,1,0
E (367).jpg,1,0,1,0,0,0
E (369).jpg,0,1,0,0,1,0
E (370).jpg,0,1,0,0,1,0
E (371).jpg,1,0,1,0,0,0
E (372).jpg,1,0,1,0,0,0
E (375).jpg,1,0,0,0,1,1
E (376).jpg,0,1,0,0,1,0
E (380).jpg,0,1,0,0,1,0
E (381).jpg,1,0,0,0,1,0
E (382).jpg,0,1,0,0,0,1
E (383).jpg,1,0,1,0,0,0
E (385).jpg,0,1,0,0,1,0
E (386).jpg,0,1,0,0,0,1
E (387).jpg,0,1,0,0,0,1
E (39).jpg,0,1,0,0,0,1
E (390).jpg,1,0,0,0,1,0
E (393).jpg,1,0,1,0,0,0
E (395).jpg,1,0,0,0,0,1
E (403).jpg,1,0,0,0,1,1
E (406).jpg,1,0,0,0,1,0
E (409).jpg,0,1,0,0,1,0
E (41).jpg,0,1,0,0,1,1
E (410).jpg,0,1,0,0,1,0
E (412).jpg,1,0,0,0,0,1
E (413).jpg,0,1,0,0,1,0
E (417).jpg,1,0,1,0,0,0
E (418).jpg,0,1,0,0,1,0
E (42).jpg,1,0,0,0,1,0
E (420).jpg,0,1,0,0,1,0
E (428).jpg,0,1,1,0,0,0
E (430).jpg,0,1,1,0,0,0
E (431).jpg,1,0,0,0,1,1
E (432).jpg,0,1,0,0,1,0
E (433).jpg,0,1,0,0,1,0
E (434).jpg,1,0,1,0,0,0
E (435).jpg,1,0,0,0,0,1
E (438).jpg,1,0,0,0,1,0
E (439).jpg,0,1,0,0,1,1
E (44).jpg,0,1,0,0,0,1
E (441).jpg,0,1,1,0,0,0
E (443).jpg,1,0,0,0,1,0
E (444).jpg,1,0,0,0,1,0
E (446).jpg,1,0,0,0,1,1
E (447).jpg,1,0,0,0,0,1
E (451).jpg,0,1,0,0,1,0
E (452).jpg,1,0,0,0,1,1
E (459).jpg,1,0,0,0,0,1
E (460).jpg,0,1,0,0,1,0
E (461).jpg,1,0,0,0,1,0
E (464).jpg,1,0,0,0,1,0
E (465).jpg,0,1,0,0,1,1
E (467).jpg,1,0,0,0,1,0
E (47).jpg,0,1,0,0,1,1
E (470).jpg,0,1,0,0,1,1
E (472).jpg,1,0,0,0,1,0
E (476).jpg,0,1,0,0,1,0
E (482).jpg,1,0,0,0,1,0
E (486).jpg,1,0,0,0,1,0
E (488).jpg,0,1,1,0,0,0
E (490).jpg,1,0,0,0,1,0
E (492).jpg,1,0,0,0,1,1
E (495).jpg,0,1,0,0,1,1
E (497).jpg,1,0,0,0,1,0
E (498).jpg,1,0,0,0,1,1
E (50).jpg,0,1,0,0,1,1
E (500).jpg,1,0,0,0,1,1
E (501).jpg,0,1,0,0,1,0
E (502).jpg,0,1,0,0,1,0
E (505).jpg,1,0,0,0,0,1
E (509).jpg,0,1,0,0,1,0
E (510).jpg,0,1,0,0,1,1
E (512).jpg,0,1,1,0,0,0
E (513).jpg,0,1,0,0,1,0
E (515).jpg,0,1,0,0,1,0
E (516).jpg,1,0,0,0,1,1
E (518).jpg,0,1,0,0,0,1
E (519).jpg,0,1,1,0,0,0
E (520).jpg,1,0,0,0,0,1
E (522).jpg,0,1,0,0,0,1
E (523).jpg,1,0,1,0,0,0
E (524).jpg,1,0,0,0,1,0
E (527).jpg,1,0,1,0,0,0
E (529).jpg,1,0,0,0,1,0
E (53).jpg,1,0,0,0,1,1
E (531).jpg,1,0,0,0,0,1
E (533).jpg,0,1,0,0,0,1
E (534).jpg,1,0,0,0,0,1
E (535).jpg,1,0,0,0,0,1
E (536).jpg,1,0,0,0,1,0
E (538).jpg,1,0,0,0,1,0
E (539).jpg,0,1,0,0,1,0
E (54).jpg,0,1,0,0,0,1
E (541).jpg,0,1,0,0,1,1
E (542).jpg,0,1,0,0,0,1
E (543).jpg,1,0,0,0,1,1
E (546).jpg,1,0,0,0,1,1
E (548).jpg,0,1,0,0,0,1
E (550).jpg,1,0,0,0,1,0
E (551).jpg,1,0,0,0,1,1
E (553).jpg,1,0,0,0,1,1
E (554).jpg,0,1,0,0,1,1
E (555).jpg,1,0,0,0,1,1
E (556).jpg,0,1,0,0,1,1
E (559).jpg,1,0,1,0,0,0
E (56).jpg,1,0,0,0,0,1
E (560).jpg,0,1,0,0,0,1
E (561).jpg,0,1,1,0,0,0
E (565).jpg,1,0,0,0,0,1
E (566).jpg,1,0,0,0,0,1
E (567).jpg,0,1,0,0,0,1
E (569).jpg,0,1,0,0,1,1
E (571).jpg,1,0,1,0,0,0
E (572).jpg,1,0,0,0,1,1
E (574).jpg,1,0,1,0,0,0
E (575).jpg,1,0,0,0,1,0
E (576).jpg,0,1,1,0,0,0
E (577).jpg,1,0,0,0,1,1
E (581).jpg,1,0,0,0,0,1
E (582).jpg,1,0,0,0,0,1
E (586).jpg,0,1,0,0,1,0
E (587).jpg,0,1,0,0,1,1
E (588).jpg,0,1,0,0,1,0
E (589).jpg,1,0,0,0,1,0
E (59).jpg,1,0,0,0,1,0
E (593).jpg,1,0,0,0,1,1
E (595).jpg,0,1,1,0,0,0
E (596).jpg,1,0,1,0,0,0
E (598).jpg,0,1,0,0,1,0
E (599).jpg,0,1,0,0,1,0
E (600).jpg,0,1,0,0,1,0
E (601).jpg,1,0,1,0,0,0
E (602).jpg,1,0,0,0,0,1
E (603).jpg,1,0,1,0,0,0
E (604).jpg,1,0,1,0,0,0
E (607).jpg,0,1,0,0,1,1
E (609).jpg,0,1,0,0,1,1
E (61).jpg,0,1,0,0,0,1
E (610).jpg,0,1,0,0,0,1
E (612).jpg,1,0,0,0,0,1
E (613).jpg,1,0,0,0,1,0
E (614).jpg,0,1,1,0,0,0
E (616).jpg,1,0,0,0,0,1
E (618).jpg,1,0,0,0,0,1
E (619).jpg,1,0,0,0,1,1
E (620).jpg,1,0,0,0,0,1
E (621).jpg,1,0,0,0,0,1
E (622).jpg,1,0,1,0,0,0
E (627).jpg,1,0,0,0,1,0
E (629).jpg,0,1,1,0,0,0
E (63).jpg,1,0,1,0,0,0
E (630).jpg,1,0,1,0,0,0
E (631).jpg,0,1,1,0,0,0
E (632).jpg,0,1,0,0,0,1
E (635).jpg,1,0,0,0,0,1
E (636).jpg,1,0,1,0,0,0
E (637).jpg,0,1,0,0,1,0
E (638).jpg,1,0,0,0,0,1
E (640).jpg,0,1,0,0,1,0
E (641).jpg,1,0,0,0,1,1
E (642).jpg,0,1,0,0,0,1
E (645).jpg,1,0,1,0,0,0
E (647).jpg,0,1,0,0,1,1
E (649).jpg,1,0,0,0,1,0
E (652).jpg,0,1,1,0,0,0
E (658).jpg,1,0,0,0,1,0
E (66).jpg,1,0,0,0,0,1
E (660).jpg,1,0,0,0,1,1
E (661).jpg,1,0,0,0,0,1
E (662).jpg,0,1,0,0,1,1
E (664).jpg,0,1,0,0,1,0
E (666).jpg,1,0,1,0,0,0
E (67).jpg,1,0,1,0,0,0
E (70).jpg,1,0,1,0,0,0
E (75).jpg,0,1,0,0,0,1
E (78).jpg,0,1,0,0,1,1
E (79).jpg,0,1,1,0,0,0
E (8).jpg,1,0,0,0,0,1
E (82).jpg,0,1,0,0,1,1
E (85).jpg,1,0,0,0,1,0
E (87).jpg,1,0,0,0,1,0
E (88).jpg,0,1,0,0,1,0
E (89).jpg,1,0,0,0,1,1
E (90).jpg,1,0,1,0,0,0
E (91).jpg,1,0,1,0,0,0
E (92).jpg,0,1,0,0,0,1
E (95).jpg,0,1,0,0,0,1
EE (12).jpg,0,1,0,0,0,1
EE (13).jpg,1,0,1,0,0,0
EE (15).jpg,1,0,0,0,1,0
EE (18).jpg,1,0,0,0,0,1
EE (19).jpg,0,1,0,0,1,0
EE (20).jpg,1,0,0,0,1,0
EE (21).jpg,1,0,0,0,0,1
EE (23).jpg,1,0,1,0,0,0
EE (24).jpg,1,0,0,0,0,1
EE (26).jpg,1,0,1,0,0,0
EE (29).jpg,1,0,1,0,0,0
EE (3).jpg,1,0,0,0,1,0
EE (30).jpg,1,0,1,0,0,0
EE (31).jpg,1,0,0,0,0,1
EE (32).jpg,1,0,1,0,0,0
EE (33).jpg,1,0,0,0,1,0
EE (35).jpg,0,1,0,0,1,0
EE (4).jpg,1,0,0,0,1,0
EE (5).jpg,1,0,0,0,1,0
EE (7).jpg,1,0,0,0,1,0
F (1001).jpg,0,1,0,0,0,1
F (1002).jpg,1,0,0,0,1,0
F (1003).jpg,0,1,1,0,0,0
F (1009).jpg,1,0,1,0,0,0
F (1011).jpg,0,1,0,0,0,1
F (1012).jpg,1,0,0,0,1,0
F (1013).jpg,1,0,0,0,0,1
F (1014).jpg,1,0,0,0,1,0
F (1015).jpg,1,0,0,0,1,0
F (1017).jpg,1,0,0,0,0,1
F (1019).jpg,1,0,0,0,0,1
F (1021).jpg,0,1,0,0,1,0
F (1022).jpg,1,0,0,0,0,1
F (1024).jpg,1,0,0,0,0,1
F (1029).jpg,1,0,0,0,1,0
F (103).jpg,1,0,0,0,1,0
F (1034).jpg,0,1,0,0,1,0
F (1035).jpg,0,1,0,0,1,0
F (1036).jpg,1,0,0,0,0,1
F (1037).jpg,1,0,1,0,0,0
F (1039).jpg,1,0,1,0,0,0
F (1043).jpg,1,0,0,0,0,1
F (1044).jpg,0,1,0,0,0,1
F (1050).jpg,1,0,0,0,0,1
F (1051).jpg,0,1,0,0,1,1
F (1052).jpg,1,0,1,0,0,0
F (1054).jpg,1,0,0,0,1,1
F (1055).jpg,1,0,1,0,0,0
F (1056).jpg,1,0,0,0,1,1
F (1057).jpg,1,0,0,0,1,1
F (1059).jpg,1,0,1,0,0,0
F (1063).jpg,0,1,1,0,0,0
F (1064).jpg,0,1,1,0,0,0
F (1066).jpg,0,1,0,0,1,0
F (107).jpg,1,0,0,0,1,0
F (1073).jpg,1,0,1,0,0,0
F (1074).jpg,0,1,1,0,0,0
F (1077).jpg,0,1,1,0,0,0
F (108).jpg,1,0,1,0,0,0
F (1080).jpg,1,0,0,0,1,1
F (1081).jpg,0,1,0,0,0,1
F (1082).jpg,1,0,0,0,1,1
F (1085).jpg,0,1,0,0,1,1
F (1087).jpg,0,1,0,0,0,1
F (1088).jpg,1,0,0,0,1,0
F (1091).jpg,1,0,0,0,1,0
F (1093).jpg,0,1,0,0,1,0
F (1095).jpg,0,1,0,0,1,0
F (1096).jpg,1,0,1,0,0,0
F (1097).jpg,1,0,1,0,0,0
F (1098).jpg,0,1,0,0,0,1
F (11).jpg,1,0,1,0,0,0
F (1101).jpg,0,1,1,0,0,0
F (1102).jpg,1,0,0,0,0,1
F (1103).jpg,1,0,0,0,0,1
F (1105).jpg,1,0,1,0,0,0
F (1109).jpg,0,1,1,0,0,0
F (111).jpg,1,0,1,0,0,0
F (1110).jpg,1,0,1,0,0,0
F (1112).jpg,1,0,0,0,1,0
F (1114).jpg,0,1,1,0,0,0
F (112).jpg,1,0,0,0,1,0
F (1120).jpg,0,1,1,0,0,0
F (1125).jpg,0,1,0,0,0,1
F (1126).jpg,0,1,1,0,0,0
F (1127).jpg,1,0,1,0,0,0
F (1128).jpg,1,0,1,0,0,0
F (1129).jpg,0,1,1,0,0,0
F (1131).jpg,1,0,1,0,0,0
F (1132).jpg,0,1,0,0,1,0
F (1133).jpg,1,0,0,0,1,1
F (1136).jpg,0,1,0,0,0,1
F (1138).jpg,1,0,1,0,0,0
F (1143).jpg,1,0,0,0,1,0
F (1146).jpg,1,0,1,0,0,0
F (1151).jpg,1,0,0,0,0,1
F (1152).jpg,0,1,0,0,1,0
F (1153).jpg,0,1,0,0,1,0
F (1158).jpg,1,0,0,0,0,1
F (1160).jpg,1,0,0,0,0,1
F (1161).jpg,0,1,1,0,0,0
F (1165).jpg,0,1,0,0,1,0
F (117).jpg,1,0,0,0,1,0
F (1171).jpg,0,1,1,0,0,0
F (1175).jpg,0,1,1,0,0,0
F (1179).jpg,1,0,0,0,1,0
F (118).jpg,1,0,0,0,0,1
F (1180).jpg,1,0,1,0,0,0
F (1181).jpg,0,1,1,0,0,0
F (1182).jpg,0,1,0,0,0,1
F (1190).jpg,1,0,1,0,0,0
F (1194).jpg,1,0,1,0,0,0
F (1201).jpg,0,1,1,0,0,0
F (1202).jpg,1,0,0,0,1,0
F (1205).jpg,1,0,0,0,0,1
F (1206).jpg,0,1,0,0,1,1
F (1207).jpg,1,0,0,0,1,0
F (1210).jpg,1,0,1,0,0,0
F (1212).jpg,1,0,1,0,0,0
F (1215).jpg,0,1,1,0,0,0
F (1218).jpg,0,1,1,0,0,0
F (1219).jpg,0,1,0,0,1,0
F (1223).jpg,0,1,0,0,0,1
F (1224).jpg,0,1,0,0,1,0
F (1226).jpg,1,0,0,0,0,1
F (1227).jpg,0,1,1,0,0,0
F (1229).jpg,1,0,0,0,1,0
F (1231).jpg,1,0,0,0,1,0
F (1233).jpg,1,0,0,0,0,1
F (1236).jpg,1,0,1,0,0,0
F (1237).jpg,1,0,0,0,1,1
F (1239).jpg,1,0,0,0,1,0
F (124).jpg,1,0,0,0,1,0
F (1240).jpg,0,1,0,0,1,1
F (1242).jpg,0,1,0,0,1,1
F (1244).jpg,0,1,0,0,0,1
F (1247).jpg,1,0,0,0,1,0
F (1248).jpg,0,1,1,0,0,0
F (125).jpg,0,1,1,0,0,0
F (1252).jpg,1,0,1,0,0,0
F (1256).jpg,1,0,1,0,0,0
F (1258).jpg,1,0,0,0,0,1
F (1259).jpg,0,1,1,0,0,0
F (1266).jpg,0,1,1,0,0,0
F (1267).jpg,0,1,0,0,1,0
F (1269).jpg,1,0,1,0,0,0
F (1270).jpg,1,0,0,0,0,1
F (1282).jpg,0,1,1,0,0,0
F (1284).jpg,1,0,0,0,1,0
F (1285).jpg,1,0,1,0,0,0
F (1287).jpg,0,1,1,0,0,0
F (1297).jpg,0,1,1,0,0,0
F (1300).jpg,1,0,0,0,1,0
F (1302).jpg,0,1,0,0,1,0
F (1304).jpg,1,0,0,0,0,1
F (1305).jpg,1,0,0,0,1,0
F (1306).jpg,1,0,1,0,0,0
F (1307).jpg,0,1,1,0,0,0
F (1312).jpg,1,0,0,0,1,0
F (1314).jpg,1,0,0,0,1,0
F (1315).jpg,1,0,0,0,1,1
F (1316).jpg,1,0,0,0,1,1
F (1317).jpg,1,0,0,0,1,0
F (132).jpg,1,0,0,0,1,0
F (1321).jpg,1,0,0,0,1,0
F (1322).jpg,1,0,0,0,1,0
F (1323).jpg,0,1,0,0,1,1
F (1324).jpg,1,0,0,0,1,0
F (1325).jpg,0,1,0,0,1,0
F (1328).jpg,0,1,0,0,0,1
F (1329).jpg,1,0,1,0,0,0
F (1335).jpg,0,1,0,0,1,1
F (1341).jpg,0,1,0,0,1,0
F (1342).jpg,0,1,1,0,0,0
F (1343).jpg,0,1,0,0,1,0
F (1344).jpg,0,1,1,0,0,0
F (1346).jpg,0,1,0,0,1,0
F (1350).jpg,0,1,0,0,1,0
F (1352).jpg,0,1,0,0,1,0
F (1355).jpg,0,1,0,0,1,0
F (1356).jpg,0,1,0,0,1,0
F (1357).jpg,0,1,1,0,0,0
F (1358).jpg,0,1,0,0,1,1
F (1360).jpg,0,1,1,0,0,0
F (1362).jpg,0,1,1,0,0,0
F (1363).jpg,0,1,0,0,1,0
F (1372).jpg,0,1,1,0,0,0
F (1374).jpg,0,1,0,0,1,0
F (1378).jpg,0,1,0,0,1,0
F (1380).jpg,0,1,0,0,1,0
F (1381).jpg,0,1,1,0,0,0
F (1384).jpg,0,1,0,0,0,1
F (1385).jpg,0,1,1,0,0,0
F (1387).jpg,0,1,1,0,0,0
F (1389).jpg,0,1,0,0,1,0
F (139).jpg,0,1,0,0,1,0
F (1393).jpg,0,1,0,0,1,0
F (1395).jpg,0,1,1,0,0,0
F (1396).jpg,0,1,0,0,1,0
F (1399).jpg,0,1,0,0,1,0
F (14).jpg,0,1,0,0,1,0
F (1403).jpg,0,1,0,0,0,1
F (1407).jpg,0,1,0,0,1,0
F (1408).jpg,0,1,0,0,1,0
F (141).jpg,1,0,0,0,1,0
F (1410).jpg,0,1,1,0,0,0
F (1411).jpg,0,1,0,0,1,0
F (1416).jpg,0,1,0,0,1,0
F (1418).jpg,0,1,0,0,1,0
F (1419).jpg,0,1,0,0,1,0
F (1423).jpg,0,1,0,0,1,0
F (1426).jpg,0,1,0,0,1,1
F (143).jpg,0,1,0,0,1,0
F (146).jpg,1,0,1,0,0,0
F (15).jpg,1,0,0,0,1,0
F (150).jpg,0,1,1,0,0,0
F (151).jpg,0,1,0,0,0,1
F (152).jpg,1,0,0,0,1,0
F (153).jpg,1,0,1,0,0,0
F (155).jpg,1,0,0,0,1,0
F (158).jpg,0,1,0,0,1,0
F (16).jpg,0,1,1,0,0,0
F (162).jpg,1,0,1,0,0,0
F (164).jpg,1,0,1,0,0,0
F (165).jpg,1,0,0,0,1,0
F (169).jpg,1,0,0,0,1,0
F (170).jpg,0,1,1,0,0,0
F (175).jpg,0,1,0,0,0,1
F (178).jpg,1,0,1,0,0,0
F (179).jpg,1,0,1,0,0,0
F (182).jpg,1,0,0,0,0,1
F (183).jpg,1,0,0,0,1,0
F (184).jpg,1,0,0,0,1,0
F (185).jpg,1,0,0,0,1,1
F (187).jpg,0,1,1,0,0,0
F (193).jpg,1,0,0,0,1,0
F (195).jpg,1,0,1,0,0,0
F (20).jpg,0,1,0,0,0,1
F (200).jpg,1,0,0,0,1,1
F (205).jpg,1,0,1,0,0,0
F (211).jpg,1,0,0,0,1,0
F (219).jpg,1,0,0,0,0,1
F (221).jpg,1,0,1,0,0,0
F (224).jpg,1,0,1,0,0,0
F (226).jpg,1,0,0,0,0,1
F (230).jpg,1,0,1,0,0,0
F (231).jpg,1,0,1,0,0,0
F (235).jpg,0,1,0,0,0,1
F (236).jpg,1,0,1,0,0,0
F (24).jpg,1,0,0,0,1,0
F (241).jpg,1,0,1,0,0,0
F (242).jpg,1,0,0,0,1,0
F (250).jpg,0,1,0,0,1,1
F (251).jpg,1,0,1,0,0,0
F (254).jpg,1,0,1,0,0,0
F (258).jpg,1,0,1,0,0,0
F (264).jpg,0,1,1,0,0,0
F (269).jpg,1,0,0,0,1,0
F (272).jpg,1,0,0,0,1,0
F (28).jpg,1,0,0,0,1,1
F (280).jpg,1,0,0,0,1,0
F (289).jpg,1,0,0,0,1,1
F (29).jpg,1,0,1,0,0,0
F (38).jpg,1,0,0,0,1,0
F (39).jpg,1,0,0,0,1,0
F (42).jpg,1,0,1,0,0,0
F (430).jpg,1,0,1,0,0,0
F (431).jpg,1,0,0,0,1,0
F (432).jpg,1,0,1,0,0,0
F (438).jpg,1,0,1,0,0,0
F (439).jpg,0,1,1,0,0,0
F (44).jpg,0,1,1,0,0,0
F (442).jpg,1,0,1,0,0,0
F (443).jpg,0,1,1,0,0,0
F (446).jpg,1,0,1,0,0,0
F (45).jpg,1,0,1,0,0,0
F (457).jpg,1,0,1,0,0,0
F (460).jpg,1,0,0,0,1,1
F (463).jpg,1,0,1,0,0,0
F (466).jpg,1,0,1,0,0,0
F (468).jpg,1,0,1,0,0,0
F (470).jpg,1,0,1,0,0,0
F (471).jpg,1,0,1,0,0,0
F (476).jpg,1,0,0,0,0,1
F (481).jpg,1,0,0,0,1,0
F (490).jpg,1,0,1,0,0,0
F (492).jpg,1,0,0,0,1,1
F (493).jpg,1,0,0,0,0,1
F (50).jpg,1,0,0,0,1,0
F (502).jpg,0,1,0,0,0,1
F (503).jpg,0,1,1,0,0,0
F (505).jpg,1,0,0,0,1,1
F (51).jpg,1,0,0,0,1,0
F (513).jpg,1,0,0,0,1,1
F (523).jpg,0,1,0,0,1,0
F (53).jpg,1,0,0,0,0,1
F (530).jpg,1,0,1,0,0,0
F (532).jpg,1,0,1,0,0,0
F (533).jpg,1,0,0,0,1,0
F (534).jpg,0,1,0,0,1,0
F (537).jpg,1,0,0,0,1,0
F (539).jpg,1,0,1,0,0,0
F (54).jpg,1,0,0,0,1,0
F (543).jpg,1,0,1,0,0,0
F (544).jpg,1,0,0,0,1,0
F (551).jpg,1,0,0,0,1,1
F (553).jpg,1,0,0,0,0,1
F (554).jpg,1,0,0,0,1,0
F (560).jpg,1,0,1,0,0,0
F (561).jpg,0,1,0,0,1,0
F (567).jpg,1,0,1,0,0,0
F (569).jpg,1,0,1,0,0,0
F (57).jpg,0,1,1,0,0,0
F (574).jpg,1,0,1,0,0,0
F (581).jpg,1,0,1,0,0,0
F (584).jpg,1,0,0,0,1,0
F (585).jpg,1,0,0,0,1,1
F (588).jpg,1,0,0,0,1,0
F (589).jpg,1,0,0,0,1,0
F (590).jpg,1,0,1,0,0,0
F (593).jpg,1,0,1,0,0,0
F (599).jpg,1,0,0,0,0,1
F (60).jpg,0,1,0,0,1,0
F (600).jpg,1,0,0,0,0,1
F (603).jpg,1,0,0,0,1,0
F (610).jpg,1,0,0,0,0,1
F (611).jpg,1,0,1,0,0,0
F (613).jpg,1,0,0,0,1,1
F (615).jpg,1,0,0,0,1,0
F (616).jpg,1,0,0,0,1,0
F (621).jpg,1,0,0,0,0,1
F (622).jpg,1,0,0,0,0,1
F (623).jpg,1,0,0,0,1,1
F (629).jpg,1,0,0,0,1,0
F (635).jpg,1,0,1,0,0,0
F (640).jpg,1,0,0,0,1,1
F (642).jpg,1,0,0,0,1,1
F (648).jpg,0,1,0,0,1,0
F (65).jpg,0,1,0,0,0,1
F (651).jpg,1,0,1,0,0,0
F (657).jpg,1,0,1,0,0,0
F (661).jpg,1,0,1,0,0,0
F (662).jpg,0,1,0,0,1,0
F (663).jpg,0,1,0,0,1,0
F (664).jpg,1,0,0,0,1,1
F (67).jpg,0,1,0,0,0,1
F (677).jpg,1,0,0,0,0,1
F (68).jpg,1,0,1,0,0,0
F (682).jpg,1,0,0,0,1,1
F (683).jpg,1,0,1,0,0,0
F (684).jpg,1,0,0,0,1,1
F (686).jpg,0,1,0,0,1,0
F (691).jpg,0,1,0,0,1,1
F (692).jpg,0,1,0,0,1,1
F (695).jpg,0,1,0,0,1,0
F (696).jpg,0,1,1,0,0,0
F (698).jpg,1,0,1,0,0,0
F (699).jpg,1,0,1,0,0,0
F (703).jpg,1,0,1,0,0,0
F (712).jpg,1,0,0,0,0,1
F (715).jpg,1,0,0,0,1,1
F (719).jpg,0,1,0,0,1,0
F (720).jpg,0,1,0,0,0,1
F (721).jpg,1,0,1,0,0,0
F (722).jpg,1,0,0,0,0,1
F (723).jpg,1,0,0,0,1,0
F (725).jpg,1,0,0,0,0,1
F (726).jpg,0,1,1,0,0,0
F (728).jpg,1,0,1,0,0,0
F (733).jpg,1,0,0,0,1,0
F (736).jpg,1,0,0,0,1,1
F (737).jpg,0,1,1,0,0,0
F (738).jpg,0,1,0,0,1,0
F (739).jpg,0,1,1,0,0,0
F (740).jpg,1,0,0,0,0,1
F (742).jpg,1,0,0,0,1,0
F (746).jpg,1,0,1,0,0,0
F (748).jpg,0,1,1,0,0,0
F (75).jpg,1,0,1,0,0,0
F (756).jpg,0,1,0,0,1,0
F (757).jpg,0,1,1,0,0,0
F (758).jpg,1,0,0,0,1,0
F (760).jpg,1,0,0,0,1,1
F (762).jpg,1,0,0,0,1,1
F (768).jpg,1,0,0,0,1,0
F (77).jpg,1,0,1,0,0,0
F (771).jpg,1,0,0,0,0,1
F (773).jpg,0,1,0,0,1,0
F (775).jpg,0,1,1,0,0,0
F (776).jpg,0,1,1,0,0,0
F (777).jpg,0,1,0,0,1,0
F (779).jpg,0,1,0,0,1,0
F (780).jpg,1,0,0,0,1,1
F (782).jpg,1,0,1,0,0,0
F (785).jpg,1,0,0,0,0,1
F (786).jpg,1,0,0,0,0,1
F (788).jpg,1,0,1,0,0,0
F (789).jpg,1,0,0,0,0,1
F (79).jpg,1,0,1,0,0,0
F (790).jpg,0,1,1,0,0,0
F (794).jpg,1,0,1,0,0,0
F (799).jpg,0,1,1,0,0,0
F (8).jpg,1,0,1,0,0,0
F (801).jpg,1,0,0,0,1,1
F (802).jpg,1,0,1,0,0,0
F (803).jpg,1,0,1,0,0,0
F (804).jpg,1,0,0,0,1,0
F (806).jpg,0,1,1,0,0,0
F (808).jpg,0,1,1,0,0,0
F (809).jpg,0,1,0,0,1,0
F (811).jpg,0,1,0,0,1,0
F (812).jpg,1,0,0,0,1,0
F (816).jpg,1,0,0,0,1,0
F (817).jpg,1,0,0,0,1,0
F (819).jpg,1,0,0,0,1,0
F (82).jpg,1,0,1,0,0,0
F (820).jpg,1,0,1,0,0,0
F (824).jpg,1,0,0,0,1,0
F (827).jpg,1,0,1,0,0,0
F (828).jpg,0,1,0,0,1,1
F (829).jpg,1,0,0,0,1,1
F (831).jpg,0,1,0,0,1,0
F (834).jpg,1,0,0,0,1,0
F (837).jpg,0,1,0,0,1,0
F (838).jpg,1,0,0,0,1,0
F (839).jpg,1,0,0,0,1,1
F (840).jpg,0,1,0,0,1,0
F (841).jpg,0,1,0,0,1,0
F (844).jpg,0,1,0,0,1,0
F (845).jpg,0,1,0,0,1,0
F (846).jpg,0,1,0,0,1,0
F (849).jpg,1,0,0,0,1,1
F (850).jpg,1,0,1,0,0,0
F (852).jpg,1,0,0,1,0,0
F (854).jpg,1,0,0,0,0,1
F (857).jpg,1,0,1,0,0,0
F (858).jpg,1,0,0,0,1,0
F (86).jpg,1,0,1,0,0,0
F (861).jpg,1,0,1,0,0,0
F (866).jpg,1,0,1,0,0,0
F (867).jpg,0,1,1,0,0,0
F (871).jpg,0,1,0,0,1,0
F (872).jpg,0,1,0,0,1,0
F (873).jpg,0,1,0,0,1,1
F (875).jpg,0,1,0,0,1,1
F (876).jpg,1,0,0,0,0,1
F (877).jpg,1,0,0,0,1,0
F (879).jpg,0,1,0,0,1,1
F (883).jpg,1,0,1,0,0,0
F (887).jpg,1,0,0,0,1,0
F (889).jpg,0,1,0,0,1,0
F (891).jpg,0,1,0,0,1,1
F (893).jpg,1,0,0,0,1,0
F (895).jpg,0,1,0,0,1,1
F (896).jpg,1,0,1,0,0,0
F (9).jpg,0,1,0,0,1,1
F (906).jpg,1,0,0,0,1,0
F (915).jpg,0,1,0,0,1,0
F (916).jpg,0,1,0,0,1,1
F (917).jpg,1,0,0,0,1,0
F (918).jpg,1,0,0,0,1,0
F (92).jpg,0,1,1,0,0,0
F (922).jpg,0,1,0,0,1,0
F (923).jpg,0,1,0,0,1,1
F (94).jpg,1,0,0,0,1,0
F (95).jpg,1,0,1,0,0,0
F (961).jpg,0,1,0,0,1,0
F (963).jpg,1,0,0,0,1,0
F (964).jpg,1,0,0,0,1,0
F (965).jpg,1,0,0,0,1,0
F (966).jpg,1,0,0,0,1,1
F (969).jpg,1,0,0,0,1,1
F (97).jpg,1,0,1,0,0,0
F (970).jpg,1,0,1,0,0,0
F (973).jpg,0,1,0,0,1,0
F (974).jpg,0,1,1,0,0,0
F (976).jpg,0,1,0,0,1,0
F (977).jpg,0,1,0,0,1,0
F (978).jpg,0,1,0,0,1,0
F (98).jpg,1,0,0,0,1,0
F (981).jpg,0,1,0,0,1,0
F (985).jpg,0,1,1,0,0,0
F (990).jpg,1,0,1,0,0,0
F (991).jpg,1,0,0,0,0,1
G (1).jpg,1,0,1,0,0,0
G (10).jpg,1,0,1,0,0,0
G (100).jpg,1,0,1,0,0,0
G (101).jpg,1,0,1,0,0,0
G (102).jpg,1,0,1,0,0,0
G (103).jpg,1,0,1,0,0,0
G (104).jpg,1,0,1,0,0,0
G (105).jpg,1,0,0,0,1,0
G (106).jpg,1,0,1,0,0,0
G (107).jpg,1,0,1,0,0,0
G (108).jpg,1,0,0,0,1,0
G (11).jpg,1,0,1,0,0,0
G (110).jpg,1,0,0,0,1,0
G (111).jpg,1,0,1,0,0,0
G (112).jpg,1,0,1,0,0,0
G (113).jpg,1,0,0,0,1,0
G (114).jpg,1,0,0,0,1,0
G (115).jpg,1,0,1,0,0,0
G (116).jpg,1,0,0,0,1,0
G (117).jpg,1,0,1,0,0,0
G (118).jpg,1,0,1,0,0,0
G (119).jpg,1,0,1,0,0,0
G (12).jpg,1,0,1,0,0,0
G (120).jpg,1,0,1,0,0,0
G (121).jpg,1,0,1,0,0,0
G (122).jpg,1,0,1,0,0,0
G (123).jpg,1,0,0,0,1,0
G (124).jpg,1,0,1,0,0,0
G (125).jpg,1,0,1,0,0,0
G (126).jpg,1,0,1,0,0,0
G (127).jpg,1,0,1,0,0,0
G (128).jpg,1,0,1,0,0,0
G (129).jpg,1,0,1,0,0,0
G (13).jpg,1,0,0,0,1,0
G (130).jpg,1,0,1,0,0,0
G (131).jpg,1,0,1,0,0,0
G (132).jpg,1,0,1,0,0,0
G (133).jpg,1,0,1,0,0,0
G (134).jpg,1,0,1,0,0,0
G (135).jpg,1,0,1,0,0,0
G (137).jpg,1,0,0,0,1,0
G (138).jpg,1,0,1,0,0,0
G (139).jpg,1,0,0,0,1,0
G (14).jpg,1,0,1,0,0,0
G (140).jpg,1,0,1,0,0,0
G (141).jpg,1,0,1,0,0,0
G (142).jpg,1,0,0,0,1,0
G (143).jpg,1,0,1,0,0,0
G (144).jpg,1,0,1,0,0,0
G (145).jpg,1,0,1,0,0,0
G (146).jpg,1,0,0,0,0,1
G (147).jpg,1,0,1,0,0,0
G (148).jpg,1,0,1,0,0,0
G (149).jpg,1,0,1,0,0,0
G (15).jpg,1,0,1,0,0,0
G (151).jpg,1,0,1,0,0,0
G (16).jpg,1,0,0,0,1,0
G (17).jpg,1,0,1,0,0,0
G (18).jpg,1,0,1,0,0,0
G (19).jpg,1,0,1,0,0,0
G (2).jpg,1,0,1,0,0,0
G (20).jpg,1,0,1,0,0,0
G (21).jpg,1,0,1,0,0,0
G (22).jpg,1,0,1,0,0,0
G (23).jpg,1,0,1,0,0,0
G (24).jpg,1,0,1,0,0,0
G (25).jpg,1,0,1,0,0,0
G (26).jpg,1,0,1,0,0,0
G (27).jpg,1,0,1,0,0,0
G (28).jpg,1,0,1,0,0,0
G (29).jpg,1,0,1,0,0,0
G (3).jpg,1,0,1,0,0,0
G (30).jpg,1,0,1,0,0,0
G (31).jpg,1,0,1,0,0,0
G (32).jpg,1,0,0,0,1,0
G (33).jpg,1,0,1,0,0,0
G (34).jpg,1,0,1,0,0,0
G (35).jpg,1,0,1,0,0,0
G (36).jpg,1,0,1,0,0,0
G (37).jpg,1,0,1,0,0,0
G (38).jpg,1,0,1,0,0,0
G (39).jpg,1,0,1,0,0,0
G (4).jpg,1,0,1,0,0,0
G (40).jpg,1,0,1,0,0,0
G (41).jpg,1,0,1,0,0,0
G (42).jpg,1,0,1,0,0,0
G (43).jpg,1,0,1,0,0,0
G (44).jpg,1,0,0,0,1,0
G (45).jpg,1,0,0,0,1,0
G (46).jpg,1,0,1,0,0,0
G (47).jpg,1,0,1,0,0,0
G (48).jpg,1,0,1,0,0,0
G (49).jpg,1,0,1,0,0,0
G (5).jpg,1,0,1,0,0,0
G (50).jpg,1,0,1,0,0,0
G (51).jpg,1,0,1,0,0,0
G (52).jpg,1,0,1,0,0,0
G (53).jpg,1,0,1,0,0,0
G (54).jpg,1,0,1,0,0,0
G (55).jpg,1,0,1,0,0,0
G (56).jpg,1,0,1,0,0,0
G (57).jpg,1,0,0,0,1,0
G (58).jpg,1,0,1,0,0,0
G (59).jpg,1,0,1,0,0,0
G (6).jpg,1,0,1,0,0,0
G (60).jpg,1,0,1,0,0,0
G (61).jpg,1,0,1,0,0,0
G (62).jpg,1,0,0,0,1,0
G (63).jpg,1,0,0,0,1,0
G (64).jpg,1,0,0,0,1,0
G (65).jpg,1,0,1,0,0,0
G (66).jpg,1,0,1,0,0,0
G (67).jpg,1,0,1,0,0,0
G (68).jpg,1,0,1,0,0,0
G (69).jpg,1,0,0,0,1,0
G (7).jpg,1,0,1,0,0,0
G (70).jpg,1,0,0,0,1,1
G (71).jpg,1,0,1,0,0,0
G (72).jpg,1,0,1,0,0,0
G (73).jpg,1,0,1,0,0,0
G (74).jpg,1,0,0,0,1,0
G (75).jpg,1,0,1,0,0,0
G (76).jpg,1,0,1,0,0,0
G (77).jpg,1,0,1,0,0,0
G (78).jpg,1,0,1,0,0,0
G (79).jpg,1,0,0,0,1,0
G (8).jpg,1,0,1,0,0,0
G (80).jpg,1,0,1,0,0,0
G (81).jpg,1,0,1,0,0,0
G (82).jpg,1,0,1,0,0,0
G (83).jpg,1,0,1,0,0,0
G (84).jpg,1,0,0,0,1,0
G (85).jpg,1,0,1,0,0,0
G (86).jpg,1,0,1,0,0,0
G (87).jpg,1,0,1,0,0,0
G (88).jpg,1,0,1,0,0,0
G (89).jpg,1,0,1,0,0,0
G (9).jpg,1,0,1,0,0,0
G (90).jpg,1,0,1,0,0,0
G (91).jpg,1,0,1,0,0,0
G (92).jpg,1,0,1,0,0,0
G (93).jpg,1,0,1,0,0,0
G (94).jpg,1,0,0,0,1,0
G (95).jpg,1,0,1,0,0,0
G (96).jpg,1,0,1,0,0,0
G (97).jpg,1,0,1,0,0,0
G (98).jpg,1,0,1,0,0,0
G (99).jpg,1,0,1,0,0,0
H (1).jpg,1,0,0,1,0,0
H (10).jpg,1,0,0,1,1,0
H (100).jpg,0,1,0,1,1,0
H (101).jpg,1,0,0,1,1,0
H (102).jpg,1,0,0,1,1,0
H (103).jpg,0,1,0,1,0,0
H (104).jpg,1,0,0,1,1,0
H (105).jpg,1,0,0,1,0,0
H (106).jpg,1,0,0,1,0,0
H (107).jpg,1,0,0,1,0,0
H (108).jpg,1,0,0,1,0,0
H (109).jpg,1,0,0,1,0,0
H (11).jpg,0,1,0,1,0,0
H (110).jpg,1,0,0,1,0,0
H (111).jpg,1,0,0,1,0,0
H (112).jpg,1,0,0,1,0,0
H (113).jpg,1,0,0,1,0,1
H (114).jpg,1,0,0,1,1,0
H (115).jpg,1,0,0,1,0,0
H (117).jpg,1,0,0,1,0,0
H (118).jpg,1,0,0,1,0,0
H (119).jpg,1,0,0,1,0,0
H (12).jpg,1,0,0,1,0,1
H (121).jpg,1,0,0,1,1,0
H (122).jpg,1,0,0,1,0,0
H (123).jpg,1,0,0,1,1,0
H (124).jpg,0,1,0,1,0,0
H (125).jpg,0,1,0,1,0,0
H (126).jpg,1,0,0,1,0,0
H (127).jpg,1,0,0,1,0,0
H (128).jpg,1,0,0,1,0,0
H (129).jpg,1,0,0,1,0,0
H (13).jpg,1,0,0,1,0,0
H (130).jpg,1,0,0,1,0,0
H (131).jpg,0,1,0,1,0,0
H (132).jpg,1,0,0,1,0,0
H (133).jpg,1,0,0,1,0,0
H (134).jpg,1,0,0,1,1,0
H (135).jpg,1,0,0,1,0,1
H (136).jpg,1,0,0,1,0,0
H (137).jpg,1,0,0,1,0,0
H (138).jpg,1,0,0,1,0,0
H (139).jpg,1,0,0,1,1,0
H (14).jpg,0,1,0,1,0,0
H (140).jpg,1,0,0,1,0,1
H (141).jpg,1,0,0,1,0,0
H (142).jpg,1,0,0,1,0,0
H (143).jpg,1,0,0,1,0,0
H (144).jpg,1,0,0,1,0,0
H (145).jpg,1,0,0,1,0,0
H (146).jpg,1,0,0,1,0,0
H (147).jpg,1,0,0,1,0,0
H (148).jpg,0,1,0,1,0,0
H (149).jpg,1,0,0,1,0,0
H (15).jpg,1,0,0,1,0,0
H (150).jpg,0,1,0,1,0,0
H (152).jpg,1,0,0,1,0,0
H (153).jpg,1,0,0,1,0,0
H (154).jpg,1,0,0,1,0,0
H (155).jpg,1,0,0,1,0,0
H (156).jpg,1,0,0,1,0,0
H (157).jpg,1,0,0,1,0,0
H (158).jpg,1,0,0,1,0,0
H (159).jpg,1,0,0,1,0,0
H (16).jpg,1,0,0,1,0,0
H (160).jpg,0,1,0,1,0,0
H (161).jpg,1,0,0,1,0,0
H (162).jpg,1,0,0,1,0,0
H (164).jpg,1,0,0,1,0,0
H (165).jpg,1,0,0,1,0,0
H (166).jpg,1,0,0,1,0,0
H (167).jpg,1,0,0,1,0,0
H (168).jpg,0,1,0,1,0,0
H (169).jpg,1,0,0,1,0,0
H (17).jpg,0,1,0,1,0,0
H (170).jpg,0,1,0,1,0,0
H (171).jpg,1,0,0,1,0,0
H (172).jpg,1,0,0,1,0,0
H (173).jpg,1,0,0,1,0,0
H (174).jpg,1,0,0,1,0,0
H (175).jpg,1,0,0,1,0,0
H (176).jpg,1,0,0,1,0,0
H (177).jpg,1,0,0,1,0,0
H (178).jpg,1,0,0,1,0,0
H (179).jpg,1,0,0,1,0,0
H (18).jpg,1,0,0,1,0,0
H (180).jpg,1,0,0,1,0,0
H (181).jpg,1,0,0,1,0,1
H (182).jpg,0,1,0,1,1,0
H (183).jpg,1,0,0,1,0,0
H (184).jpg,0,1,0,1,0,0
H (185).jpg,1,0,0,1,1,0
H (186).jpg,0,1,0,1,0,0
H (187).jpg,0,1,0,1,0,0
H (188).jpg,1,0,0,1,0,0
H (189).jpg,1,0,0,1,1,0
H (19).jpg,1,0,0,1,0,1
H (190).jpg,1,0,0,1,0,0
H (191).jpg,1,0,0,1,1,0
H (192).jpg,1,0,0,1,0,0
H (193).jpg,1,0,0,1,1,0
H (194).jpg,1,0,0,1,1,0
H (195).jpg,1,0,0,1,0,0
H (196).jpg,1,0,0,1,0,0
H (197).jpg,0,1,0,1,0,0
H (198).jpg,1,0,0,1,0,0
H (199).jpg,1,0,0,1,0,0
H (2).jpg,0,1,0,1,0,0
H (20).jpg,1,0,0,1,0,0
H (200).jpg,0,1,0,1,0,0
H (201).jpg,1,0,0,1,0,0
H (21).jpg,0,1,0,1,1,0
H (22).jpg,1,0,0,1,0,0
H (23).jpg,1,0,0,1,1,0
H (24).jpg,1,0,0,1,0,0
H (25).jpg,1,0,0,1,1,0
H (26).jpg,1,0,0,1,0,0
H (27).jpg,1,0,0,1,0,0
H (28).jpg,1,0,0,1,0,0
H (29).jpg,1,0,0,1,0,0
H (3).jpg,1,0,0,1,0,0
H (30).jpg,1,0,0,1,0,0
H (31).jpg,1,0,0,1,0,0
H (32).jpg,1,0,0,1,0,0
H (33).jpg,1,0,0,1,0,0
H (34).jpg,1,0,0,1,0,0
H (35).jpg,1,0,0,1,1,0
H (36).jpg,0,1,0,1,0,0
H (37).jpg,1,0,0,1,0,0
H (38).jpg,1,0,0,1,0,0
H (39).jpg,0,1,0,1,1,1
H (4).jpg,1,0,0,1,0,1
H (40).jpg,1,0,0,1,0,0
H (41).jpg,1,0,0,1,1,0
H (42).jpg,0,1,0,1,1,0
H (43).jpg,1,0,0,1,1,0
H (44).jpg,0,1,0,1,1,0
H (45).jpg,0,1,0,1,0,0
H (46).jpg,1,0,0,1,1,0
H (47).jpg,0,1,0,1,0,0
H (48).jpg,1,0,0,1,0,0
H (49).jpg,1,0,0,1,0,0
H (5).jpg,1,0,0,1,0,0
H (50).jpg,1,0,0,1,0,0
H (51).jpg,1,0,0,1,0,0
H (52).jpg,1,0,0,1,0,0
H (53).jpg,0,1,0,1,0,0
H (54).jpg,1,0,0,1,0,0
H (55).jpg,1,0,0,1,0,0
H (56).jpg,1,0,0,1,0,0
H (57).jpg,1,0,0,1,0,0
H (58).jpg,1,0,0,1,0,0
H (59).jpg,1,0,0,1,0,0
H (6).jpg,1,0,0,1,0,0
H (60).jpg,1,0,0,1,0,0
H (61).jpg,1,0,0,1,1,1
H (62).jpg,0,1,0,1,0,0
H (63).jpg,0,1,0,1,0,0
H (64).jpg,1,0,0,1,0,0
H (65).jpg,1,0,0,1,0,0
H (66).jpg,0,1,0,1,0,0
H (67).jpg,1,0,0,1,0,0
H (68).jpg,1,0,0,1,0,0
H (69).jpg,1,0,0,1,0,0
H (7).jpg,1,0,0,1,0,0
H (70).jpg,1,0,0,1,1,0
H (71).jpg,1,0,0,1,0,0
H (72).jpg,1,0,0,1,0,0
H (73).jpg,1,0,0,1,0,0
H (74).jpg,0,1,0,1,0,0
H (75).jpg,1,0,0,1,1,0
H (76).jpg,1,0,0,1,0,0
H (77).jpg,1,0,0,1,0,0
H (78).jpg,1,0,0,1,0,0
H (79).jpg,1,0,0,1,0,0
H (8).jpg,1,0,0,1,0,0
H (80).jpg,1,0,0,1,0,0
H (81).jpg,1,0,0,1,0,0
H (82).jpg,1,0,0,1,0,0
H (83).jpg,0,1,0,1,1,0
H (84).jpg,0,1,0,1,1,0
H (85).jpg,0,1,0,1,0,0
H (86).jpg,1,0,0,1,0,0
H (87).jpg,1,0,0,1,0,0
H (88).jpg,1,0,0,1,0,0
H (89).jpg,1,0,0,1,1,1
H (9).jpg,1,0,0,1,0,0
H (90).jpg,1,0,0,1,0,0
H (91).jpg,1,0,0,1,1,0
H (92).jpg,1,0,0,1,0,0
H (93).jpg,1,0,0,1,0,0
H (94).jpg,0,1,0,1,1,0
H (95).jpg,1,0,0,1,0,0
H (96).jpg,1,0,0,1,1,0
H (97).jpg,1,0,0,1,0,0
H (98).jpg,1,0,0,1,0,0
H (99).jpg,1,0,0,1,0,0
L (1).jpg,1,0,1,0,0,0
L (100).jpg,1,0,0,0,1,0
L (11).jpg,1,0,1,0,0,0
L (15).jpg,1,0,0,0,0,1
L (17).jpg,1,0,0,0,1,0
L (22).jpg,0,1,0,0,0,1
L (23).jpg,0,1,0,0,1,0
L (24).jpg,1,0,0,0,1,0
L (28).jpg,0,1,0,0,1,0
L (29).jpg,1,0,0,0,1,0
L (32).jpg,0,1,0,0,0,1
L (325).jpg,1,0,0,0,1,1
L (327).jpg,1,0,0,0,1,0
L (328).jpg,1,0,0,0,1,0
L (329).jpg,1,0,0,0,1,0
L (33).jpg,1,0,0,0,0,1
L (330).jpg,1,0,0,0,0,1
L (333).jpg,1,0,0,0,0,1
L (334).jpg,1,0,0,0,0,1
L (340).jpg,1,0,1,0,0,0
L (342).jpg,1,0,0,0,1,0
L (344).jpg,1,0,0,0,1,1
L (347).jpg,0,1,0,0,1,0
L (348).jpg,1,0,0,0,1,1
L (35).jpg,0,1,0,0,1,1
L (351).jpg,0,1,0,0,1,0
L (354).jpg,1,0,0,0,0,1
L (37).jpg,0,1,0,0,1,1
L (4).jpg,1,0,0,0,1,0
L (43).jpg,1,0,0,0,1,0
L (44).jpg,0,1,0,0,1,0
L (45).jpg,0,1,0,0,0,1
L (47).jpg,0,1,0,0,1,1
L (48).jpg,0,1,0,0,1,0
L (51).jpg,0,1,0,0,1,0
L (58).jpg,0,1,0,0,1,0
L (59).jpg,1,0,0,0,0,1
L (66).jpg,1,0,1,0,0,0
L (67).jpg,0,1,0,0,1,0
L (69).jpg,0,1,0,0,1,0
L (70).jpg,1,0,0,0,1,0
L (71).jpg,0,1,0,0,1,0
L (72).jpg,1,0,1,0,0,0
L (73).jpg,1,0,0,0,1,0
L (74).jpg,0,1,0,0,1,0
L (76).jpg,0,1,0,0,1,0
L (80).jpg,0,1,0,0,1,0
L (81).jpg,1,0,1,0,0,0
L (86).jpg,0,1,0,0,1,0
L (88).jpg,0,1,1,0,0,0
L (90).jpg,1,0,0,0,0,1
L (93).jpg,1,0,0,0,1,0
L (94).jpg,0,1,0,0,1,1
L (97).jpg,0,1,0,0,1,0
tongue (101).jpg,1,0,0,0,1,0
tongue (103).jpg,1,0,0,0,1,1
tongue (104).jpg,1,0,0,0,1,0
tongue (108).jpg,1,0,0,0,1,0
tongue (109).jpg,0,1,1,0,0,0
tongue (11).jpg,1,0,0,0,1,0
tongue (111).jpg,1,0,0,0,1,1
tongue (115).jpg,1,0,1,0,0,0
tongue (116).jpg,1,0,1,0,0,0
tongue (117).jpg,1,0,0,0,1,0
tongue (119).jpg,0,1,0,0,1,1
tongue (120).jpg,1,0,1,0,0,0
tongue (123).jpg,1,0,0,0,1,0
tongue (124).jpg,1,0,1,0,0,0
tongue (126).jpg,0,1,1,0,0,0
tongue (13).jpg,1,0,0,0,1,0
tongue (132).jpg,0,1,0,0,0,1
tongue (136).jpg,1,0,0,0,0,1
tongue (137).jpg,1,0,0,0,1,0
tongue (141).jpg,0,1,0,0,1,1
tongue (142).jpg,1,0,0,0,1,0
tongue (145).jpg,1,0,0,0,1,1
tongue (146).jpg,0,1,1,0,0,0
tongue (147).jpg,1,0,0,0,0,1
tongue (148).jpg,1,0,1,0,0,0
tongue (15).jpg,1,0,0,0,1,1
tongue (151).jpg,1,0,0,0,0,1
tongue (155).jpg,1,0,0,0,0,1
tongue (16).jpg,1,0,1,0,0,0
tongue (162).jpg,1,0,0,0,1,0
tongue (169).jpg,1,0,1,0,0,0
tongue (176).jpg,1,0,0,0,0,1
tongue (177).jpg,0,1,0,0,1,1
tongue (178).jpg,1,0,0,0,0,1
tongue (187).jpg,0,1,0,0,0,1
tongue (196).jpg,1,0,0,0,0,1
tongue (199).jpg,1,0,1,0,0,0
tongue (20).jpg,1,0,1,0,0,0
tongue (202).jpg,1,0,1,0,0,0
tongue (205).jpg,1,0,0,0,1,0
tongue (209).jpg,1,0,1,0,0,0
tongue (211).jpg,1,0,0,0,1,1
tongue (215).jpg,1,0,0,0,1,1
tongue (216).jpg,1,0,0,0,1,1
tongue (218).jpg,1,0,0,0,1,0
tongue (22).jpg,1,0,0,0,0,1
tongue (220).jpg,1,0,1,0,0,0
tongue (222).jpg,1,0,0,0,1,0
tongue (225).jpg,1,0,0,0,1,0
tongue (227).jpg,1,0,1,0,0,0
tongue (228).jpg,1,0,1,0,0,0
tongue (229).jpg,1,0,0,0,0,1
tongue (231).jpg,1,0,0,0,1,1
tongue (233).jpg,1,0,0,0,0,1
tongue (234).jpg,1,0,0,0,0,1
tongue (237).jpg,1,0,1,0,0,0
tongue (238).jpg,1,0,0,0,1,1
tongue (239).jpg,1,0,0,0,0,1
tongue (24).jpg,0,1,0,0,1,0
tongue (240).jpg,1,0,0,0,0,1
tongue (241).jpg,1,0,1,0,0,0
tongue (243).jpg,1,0,1,0,0,0
tongue (245).jpg,1,0,1,0,0,0
tongue (248).jpg,1,0,0,0,0,1
tongue (249).jpg,1,0,0,0,0,1
tongue (25).jpg,0,1,0,0,1,0
tongue (258).jpg,1,0,1,0,0,0
tongue (261).jpg,1,0,0,0,0,1
tongue (263).jpg,1,0,0,0,1,0
tongue (267).jpg,1,0,0,0,1,1
tongue (269).jpg,1,0,0,0,1,0
tongue (273).jpg,1,0,1,0,0,0
tongue (278).jpg,1,0,0,0,0,1
tongue (279).jpg,1,0,0,0,1,0
tongue (281).jpg,1,0,1,0,0,0
tongue (282).jpg,1,0,0,0,1,0
tongue (285).jpg,1,0,0,0,1,0
tongue (286).jpg,1,0,1,0,0,0
tongue (287).jpg,1,0,0,0,0,1
tongue (291).jpg,1,0,0,0,0,1
tongue (292).jpg,1,0,1,0,0,0
tongue (293).jpg,1,0,0,0,0,1
tongue (294).jpg,1,0,1,0,0,0
tongue (296).jpg,1,0,0,0,0,1
tongue (299).jpg,1,0,0,0,1,1
tongue (30).jpg,1,0,0,0,1,0
tongue (300).jpg,0,1,1,0,0,0
tongue (301).jpg,1,0,1,0,0,0
tongue (302).jpg,1,0,1,0,0,0
tongue (303).jpg,0,1,1,0,0,0
tongue (304).jpg,1,0,0,0,1,1
tongue (305).jpg,1,0,0,0,0,1
tongue (307).jpg,1,0,0,0,0,1
tongue (311).jpg,1,0,0,0,1,1
tongue (314).jpg,1,0,0,0,1,1
tongue (315).jpg,0,1,0,0,0,1
tongue (316).jpg,1,0,0,0,1,1
tongue (320).jpg,1,0,1,0,0,0
tongue (321).jpg,1,0,1,0,0,0
tongue (322).jpg,1,0,1,0,0,0
tongue (323).jpg,1,0,0,0,0,1
tongue (324).jpg,1,0,1,0,0,0
tongue (326).jpg,1,0,1,0,0,0
tongue (328).jpg,1,0,0,0,0,1
tongue (329).jpg,1,0,1,0,0,0
tongue (33).jpg,1,0,1,0,0,0
tongue (331).jpg,1,0,1,0,0,0
tongue (333).jpg,1,0,1,0,0,0
tongue (334).jpg,1,0,1,0,0,0
tongue (337).jpg,1,0,1,0,0,0
tongue (338).jpg,1,0,0,0,0,1
tongue (341).jpg,1,0,0,0,1,0
tongue (348).jpg,1,0,0,0,0,1
tongue (349).jpg,1,0,1,0,0,0
tongue (35).jpg,1,0,1,0,0,0
tongue (356).jpg,1,0,0,0,1,1
tongue (361).jpg,1,0,1,0,0,0
tongue (363).jpg,1,0,1,0,0,0
tongue (366).jpg,1,0,0,0,1,0
tongue (369).jpg,1,0,0,0,1,0
tongue (371).jpg,1,0,1,0,0,0
tongue (373).jpg,0,1,0,0,1,0
tongue (377).jpg,0,1,1,0,0,0
tongue (383).jpg,0,1,0,0,1,0
tongue (388).jpg,0,1,0,0,1,0
tongue (390).jpg,1,0,1,0,0,0
tongue (391).jpg,1,0,1,0,0,0
tongue (393).jpg,1,0,1,0,0,0
tongue (394).jpg,1,0,0,0,0,1
tongue (396).jpg,0,1,0,0,1,1
tongue (397).jpg,0,1,0,0,0,1
tongue (398).jpg,1,0,0,0,0,1
tongue (399).jpg,0,1,0,0,0,1
tongue (402).jpg,1,0,0,0,1,0
tongue (404).jpg,1,0,0,0,1,1
tongue (405).jpg,0,1,1,0,0,0
tongue (407).jpg,1,0,1,0,0,0
tongue (409).jpg,1,0,0,0,1,0
tongue (414).jpg,1,0,0,0,0,1
tongue (415).jpg,1,0,0,0,1,0
tongue (416).jpg,0,1,0,0,1,0
tongue (417).jpg,0,1,0,0,1,1
tongue (419).jpg,0,1,0,0,1,1
tongue (42).jpg,0,1,0,0,1,1
tongue (422).jpg,1,0,1,0,0,0
tongue (425).jpg,1,0,0,0,0,1
tongue (426).jpg,0,1,0,0,0,1
tongue (428).jpg,1,0,1,0,0,0
tongue (43).jpg,1,0,0,0,1,1
tongue (434).jpg,0,1,1,0,0,0
tongue (435).jpg,0,1,0,0,1,0
tongue (436).jpg,0,1,0,0,1,0
tongue (438).jpg,1,0,0,0,1,0
tongue (439).jpg,1,0,0,0,1,0
tongue (44).jpg,0,1,0,0,1,1
tongue (443).jpg,0,1,1,0,0,0
tongue (446).jpg,1,0,1,0,0,0
tongue (447).jpg,1,0,0,0,1,1
tongue (450).jpg,1,0,0,0,1,0
tongue (453).jpg,1,0,1,0,0,0
tongue (454).jpg,1,0,0,0,1,0
tongue (456).jpg,1,0,1,0,0,0
tongue (457).jpg,1,0,1,0,0,0
tongue (458).jpg,0,1,1,0,0,0
tongue (460).jpg,1,0,0,0,1,0
tongue (461).jpg,1,0,0,0,0,1
tongue (463).jpg,1,0,0,0,1,0
tongue (468).jpg,1,0,0,0,1,0
tongue (47).jpg,0,1,0,0,0,1
tongue (470).jpg,1,0,0,0,1,0
tongue (473).jpg,1,0,0,0,1,0
tongue (474).jpg,1,0,0,0,1,0
tongue (475).jpg,1,0,0,0,1,1
tongue (48).jpg,1,0,1,0,0,0
tongue (49).jpg,0,1,0,0,1,0
tongue (5).jpg,1,0,1,0,0,0
tongue (50).jpg,1,0,0,0,1,0
tongue (51).jpg,1,0,0,0,1,0
tongue (52).jpg,0,1,1,0,0,0
tongue (53).jpg,1,0,0,0,1,0
tongue (54).jpg,0,1,0,0,1,1
tongue (57).jpg,1,0,0,0,1,1
tongue (58).jpg,1,0,0,0,1,0
tongue (59).jpg,1,0,0,0,1,0
tongue (6).jpg,1,0,1,0,0,0
tongue (60).jpg,0,1,0,0,1,0
tongue (61).jpg,1,0,1,0,0,0
tongue (63).jpg,1,0,0,0,1,0
tongue (65).jpg,0,1,0,0,1,1
tongue (67).jpg,1,0,0,0,1,1
tongue (69).jpg,1,0,1,0,0,0
tongue (73).jpg,1,0,0,0,1,0
tongue (74).jpg,1,0,0,0,1,1
tongue (78).jpg,1,0,0,0,0,1
tongue (79).jpg,1,0,0,0,0,1
tongue (8).jpg,0,1,0,0,0,1
tongue (80).jpg,1,0,0,0,1,0
tongue (81).jpg,1,0,0,0,1,0
tongue (82).jpg,1,0,0,0,1,1
tongue (83).jpg,1,0,0,0,0,1
tongue (84).jpg,0,1,0,0,1,1
tongue (87).jpg,0,1,0,0,1,1
tongue (88).jpg,0,1,0,0,1,1
tongue (89).jpg,1,0,0,0,1,0
tongue (91).jpg,0,1,0,0,1,0
tongue (95).jpg,1,0,1,0,0,0
tongue (97).jpg,0,1,0,0,1,0
tongue (98).jpg,0,1,0,0,0,1
